[{
  "_id": {
    "$oid": "6867e7d268b8ec40d9cd9f90"
  },
  "name": "LAQ 8538 SHACMAN",
  "plateNumber": "LAQ 8538",
  "description": "Shacman flatbed truck ",
  "branch": {
    "$oid": "6747ce8535995e3cbc17b3dd"
  },
  "approvers": [
    {
      "$oid": "67a1ab2da9e77c663d11e275"
    },
    {
      "$oid": "67a1ab2da9e77c663d11e1e1"
    }
  ],
  "isAvailable": false,
  "status": true,
  "createdAt": {
    "$date": "2025-07-04T14:40:18.886Z"
  },
  "updatedAt": {
    "$date": "2025-09-22T17:37:48.308Z"
  },
  "__v": 0
},
{
  "_id": {
    "$oid": "67e28212785125184ae22a1f"
  },
  "name": "BYD Tang",
  "plateNumber": "KAV 1089",
  "description": "",
  "branch": {
    "$oid": "6747ce8535995e3cbc17b3dd"
  },
  "approvers": [
    {
      "$oid": "67a1ab2da9e77c663d11e225"
    },
    {
      "$oid": "67a1ab2da9e77c663d11e1de"
    },
    {
      "$oid": "67a1ab2da9e77c663d11e1dd"
    }
  ],
  "isAvailable": true,
  "status": true,
  "createdAt": {
    "$date": "2025-03-25T10:14:42.612Z"
  },
  "updatedAt": {
    "$date": "2025-09-20T21:31:00.754Z"
  },
  "__v": 0
},
{
  "_id": {
    "$oid": "67e2418d785125184ae07cc2"
  },
  "name": "KAV 1193",
  "plateNumber": "KAV 1193",
  "description": "BYD Seagull",
  "branch": {
    "$oid": "6747ce8535995e3cbc17b3dd"
  },
  "approvers": [
    {
      "$oid": "67a1ab2da9e77c663d11e1dc"
    }
  ],
  "isAvailable": true,
  "status": true,
  "createdAt": {
    "$date": "2025-03-25T05:39:25.852Z"
  },
  "updatedAt": {
    "$date": "2025-03-25T05:39:32.815Z"
  },
  "__v": 0
},
{
  "_id": {
    "$oid": "67de4a640b60431e6f960b91"
  },
  "name": "MAD3776",
  "plateNumber": "MAD3776",
  "description": "double cab",
  "branch": {
    "$oid": "6747ce8535995e3cbc17b3dd"
  },
  "approvers": [
    {
      "$oid": "67a1ab2da9e77c663d11e1e1"
    },
    {
      "$oid": "67a1ab2da9e77c663d11e1e5"
    },
    {
      "$oid": "67a1ab2da9e77c663d11e275"
    }
  ],
  "isAvailable": true,
  "status": true,
  "createdAt": {
    "$date": "2025-03-22T05:28:04.485Z"
  },
  "updatedAt": {
    "$date": "2025-09-23T01:13:42.005Z"
  },
  "__v": 0
},
{
  "_id": {
    "$oid": "67a1aa3b429010b3acc274c8"
  },
  "name": "Jetour EV (92)",
  "description": "Jetour EV KAV-1092",
  "plateNumber": "KAV-1092",
  "department": {
    "$oid": "6747d1dbde8ede2c214fe5c2"
  },
  "createdAt": "2024-11-22 06:24:13",
  "updatedAt": {
    "$date": "2025-09-25T02:35:13.408Z"
  },
  "status": true,
  "branch": {
    "$oid": "6747ce8535995e3cbc17b3dd"
  },
  "approvers": [
    {
      "$oid": "67a1ab2da9e77c663d11e1de"
    },
    {
      "$oid": "67a1ab2da9e77c663d11e1e1"
    },
    {
      "$oid": "67a1ab2da9e77c663d11e279"
    },
    {
      "$oid": "67a1ab2da9e77c663d11e231"
    },
    {
      "$oid": "67a1ab2da9e77c663d11e244"
    },
    {
      "$oid": "67a1ab2da9e77c663d11e1e0"
    },
    {
      "$oid": "67a1ab2da9e77c663d11e228"
    },
    {
      "$oid": "67a1ab2da9e77c663d11e237"
    },
    {
      "$oid": "67a1ab2da9e77c663d11e281"
    }
  ],
  "isAvailable": false
},
{
  "_id": {
    "$oid": "67a1aa3b429010b3acc274c7"
  },
  "name": "Jetour EV (EV84)",
  "description": "Hatchback green 2024 model\nEngine no. TZ160XFDM13ANLD4066",
  "plateNumber": "KAV1184",
  "department": {
    "$oid": "6747d1dbde8ede2c214fe5c2"
  },
  "createdAt": "2024-10-23 03:36:00",
  "updatedAt": {
    "$date": "2025-09-25T00:49:28.654Z"
  },
  "status": true,
  "branch": {
    "$oid": "6747ce8535995e3cbc17b3dd"
  },
  "approvers": [
    {
      "$oid": "67a1ab2da9e77c663d11e22d"
    },
    {
      "$oid": "67a1ab2da9e77c663d11e1e1"
    },
    {
      "$oid": "67a1ab2da9e77c663d11e1e0"
    },
    {
      "$oid": "67a1ab2da9e77c663d11e228"
    },
    {
      "$oid": "67a1ab2da9e77c663d11e237"
    },
    {
      "$oid": "67a1ab2da9e77c663d11e281"
    }
  ],
  "isAvailable": false
},
{
  "_id": {
    "$oid": "67a1aa3b429010b3acc274c6"
  },
  "name": "Jetour EV (EV83)",
  "description": "Hatchback green 2024 model\nEngine no. TZ160XFDM13ANLF4526",
  "plateNumber": "KAV1183",
  "createdAt": "2024-10-23 03:35:01",
  "updatedAt": {
    "$date": "2025-09-29T06:14:34.652Z"
  },
  "status": true,
  "branch": {
    "$oid": "6747ce8535995e3cbc17b3dd"
  },
  "approvers": [
    {
      "$oid": "67a1ab2da9e77c663d11e23b"
    },
    {
      "$oid": "67a1ab2da9e77c663d11e263"
    },
    {
      "$oid": "67a1ab2da9e77c663d11e228"
    },
    {
      "$oid": "67a1ab2da9e77c663d11e237"
    },
    {
      "$oid": "67a1ab2da9e77c663d11e281"
    },
    {
      "$oid": "67a1ab2da9e77c663d11e231"
    },
    {
      "$oid": "67a1ab2da9e77c663d11e244"
    },
    {
      "$oid": "67a1ab2da9e77c663d11e1e0"
    }
  ],
  "isAvailable": false,
  "department": {
    "$oid": "6747d1dbde8ede2c214fe5cf"
  }
},
{
  "_id": {
    "$oid": "67a1aa3b429010b3acc274c5"
  },
  "name": "Jetour EV (EV82)",
  "description": "Green, hatchback 2024 model\nEngine no. TZ160XFROM13ANLD4070",
  "plateNumber": "KAV1182",
  "department": {
    "$oid": "6747d1dbde8ede2c214fe5c8"
  },
  "createdAt": "2024-10-23 03:23:29",
  "updatedAt": {
    "$date": "2025-09-29T06:15:38.838Z"
  },
  "status": true,
  "branch": {
    "$oid": "6747ce8535995e3cbc17b3dd"
  },
  "approvers": [
    {
      "$oid": "67a1ab2da9e77c663d11e22d"
    },
    {
      "$oid": "67a1ab2da9e77c663d11e1ef"
    },
    {
      "$oid": "67a1ab2da9e77c663d11e1e0"
    },
    {
      "$oid": "67a1ab2da9e77c663d11e228"
    },
    {
      "$oid": "67a1ab2da9e77c663d11e237"
    },
    {
      "$oid": "67a1ab2da9e77c663d11e281"
    },
    {
      "$oid": "67a1ab2da9e77c663d11e1e1"
    }
  ],
  "isAvailable": true
},
{
  "_id": {
    "$oid": "67a1aa3b429010b3acc274c4"
  },
  "name": "Jetour EV (EV81)",
  "description": "Hatchback purple 2024 model\nEnginer no. TZ160XFDM13ANLH4942",
  "plateNumber": "KAV1181",
  "createdAt": "2024-10-23 03:14:51",
  "updatedAt": {
    "$date": "2025-10-01T05:31:17.548Z"
  },
  "status": true,
  "branch": {
    "$oid": "6747ce8535995e3cbc17b3dd"
  },
  "approvers": [
    {
      "$oid": "67a1ab2da9e77c663d11e237"
    },
    {
      "$oid": "67a1ab2da9e77c663d11e228"
    },
    {
      "$oid": "67a1ab2da9e77c663d11e281"
    },
    {
      "$oid": "67a1ab2da9e77c663d11e1e0"
    },
    {
      "$oid": "67a1ab2da9e77c663d11e1e6"
    }
  ],
  "isAvailable": true,
  "department": {
    "$oid": "6747d1dbde8ede2c214fe553"
  }
},
{
  "_id": {
    "$oid": "67a1aa3b429010b3acc274c3"
  },
  "name": "1201 105208",
  "description": "1201 105208 - blue dump truck",
  "plateNumber": "1201 105208",
  "createdAt": "2024-09-04 01:29:17",
  "updatedAt": "2024-09-04 01:29:17",
  "status": true,
  "branch": {
    "$oid": "6747ce8535995e3cbc17b3dc"
  },
  "approvers": [
    {
      "$oid": "67a1ab2da9e77c663d11e225"
    },
    {
      "$oid": "67a1ab2da9e77c663d11e1e2"
    },
    {
      "$oid": "67a1ab2da9e77c663d11e1de"
    }
  ],
  "isAvailable": true
},
{
  "_id": {
    "$oid": "67a1aa3b429010b3acc274c2"
  },
  "name": "MAL 9303",
  "description": "Cargo Truck (4 ton) Mitsubishi Fighter Cargo Truck with aluminum siding 6 Wheelers",
  "plateNumber": "MAL 9303",
  "department": {
    "$oid": "6747d1dbde8ede2c214fe5c4"
  },
  "createdAt": "2024-06-15 07:48:57",
  "updatedAt": {
    "$date": "2025-09-24T13:37:50.179Z"
  },
  "status": true,
  "branch": {
    "$oid": "6747ce8535995e3cbc17b3dc"
  },
  "approvers": [
    {
      "$oid": "67a1ab2da9e77c663d11e1e5"
    },
    {
      "$oid": "67a1ab2da9e77c663d11e22c"
    },
    {
      "$oid": "67a1ab2da9e77c663d11e275"
    }
  ],
  "isAvailable": false
},
{
  "_id": {
    "$oid": "67a1aa3b429010b3acc274c1"
  },
  "name": "BYD Dolphin",
  "description": "Electric Vehicle",
  "plateNumber": "KAV1120",
  "createdAt": "2024-05-07 07:08:25",
  "updatedAt": {
    "$date": "2025-09-09T06:01:32.459Z"
  },
  "status": true,
  "branch": {
    "$oid": "6747ce8535995e3cbc17b3dc"
  },
  "approvers": [
    {
      "$oid": "67a1ab2da9e77c663d11e1de"
    },
    {
      "$oid": "67a1ab2da9e77c663d11e225"
    },
    {
      "$oid": "67a1ab2da9e77c663d11e1dc"
    },
    {
      "$oid": "67a1ab2da9e77c663d11e1e6"
    },
    {
      "$oid": "67a1ab2da9e77c663d11e1e0"
    }
  ],
  "isAvailable": true
},
{
  "_id": {
    "$oid": "67a1aa3b429010b3acc274c0"
  },
  "name": "Jetour EV (EV22)",
  "description": "Electric vehicle",
  "plateNumber": "NHV1522",
  "department": {
    "$oid": "6747d1dbde8ede2c214fe550"
  },
  "createdAt": "2024-04-26 05:41:25",
  "updatedAt": {
    "$date": "2025-10-24T08:24:10.348Z"
  },
  "status": true,
  "branch": {
    "$oid": "6747ce8535995e3cbc17b3dd"
  },
  "approvers": [
    {
      "$oid": "67a1ab2da9e77c663d11e279"
    },
    {
      "$oid": "67a1ab2da9e77c663d11e1e0"
    },
    {
      "$oid": "67a1ab2da9e77c663d11e228"
    },
    {
      "$oid": "67a1ab2da9e77c663d11e237"
    },
    {
      "$oid": "67a1ab2da9e77c663d11e281"
    }
  ],
  "isAvailable": true
},
{
  "_id": {
    "$oid": "67a1aa3b429010b3acc274bf"
  },
  "name": "Vios - Jennie",
  "description": "2024 Toyota Vios XE CVT\nAutomatic transmission\nTemp plate number: DT025A\nShiro Name: Jennie",
  "plateNumber": "KAR 8660",
  "department": {
    "$oid": "6747d1dbde8ede2c214fe5cd"
  },
  "createdAt": "2024-01-09 00:55:12",
  "updatedAt": {
    "$date": "2025-04-28T23:57:23.544Z"
  },
  "status": true,
  "branch": {
    "$oid": "6747ce8535995e3cbc17b3dc"
  },
  "approvers": [
    {
      "$oid": "67a1ab2da9e77c663d11e22c"
    }
  ],
  "isAvailable": true
},
{
  "_id": {
    "$oid": "67a1aa3b429010b3acc274be"
  },
  "name": "ISUZU KAS 3233",
  "description": "-ISUZU BLUE PICKUP",
  "plateNumber": "KAS 3233",
  "createdAt": "2023-12-23 07:29:17",
  "updatedAt": {
    "$date": "2025-09-25T01:40:15.811Z"
  },
  "status": true,
  "branch": {
    "$oid": "6747ce8535995e3cbc17b3dc"
  },
  "approvers": [
    {
      "$oid": "67a1ab2da9e77c663d11e252"
    },
    {
      "$oid": "67a1ab2da9e77c663d11e1de"
    }
  ],
  "isAvailable": false
},
{
  "_id": {
    "$oid": "67a1aa3b429010b3acc274bd"
  },
  "name": "Dump Truck",
  "description": "Dump Truck [MAL 2785]",
  "plateNumber": "MAL 2785",
  "createdAt": "2023-12-06 01:05:59",
  "updatedAt": {
    "$date": "2025-07-11T05:16:33.847Z"
  },
  "status": true,
  "branch": {
    "$oid": "6747ce8535995e3cbc17b3dd"
  },
  "approvers": [
    {
      "$oid": "67a1ab2da9e77c663d11e1e7"
    }
  ],
  "isAvailable": true
},
{
  "_id": {
    "$oid": "67a1aa3b429010b3acc274bc"
  },
  "name": "Chcr0004 crane 25tons",
  "description": "Crane 25 tons",
  "plateNumber": "Chcr0004",
  "createdAt": "2023-11-23 08:46:28",
  "updatedAt": {
    "$date": "2025-09-18T05:44:12.697Z"
  },
  "status": true,
  "branch": {
    "$oid": "6747ce8535995e3cbc17b3dd"
  },
  "approvers": [
    {
      "$oid": "67a1ab2da9e77c663d11e22c"
    }
  ],
  "isAvailable": false
},
{
  "_id": {
    "$oid": "67a1aa3b429010b3acc274bb"
  },
  "name": "mab 6000",
  "description": "dako na truck",
  "plateNumber": "mab 6000",
  "createdAt": "2023-11-23 08:45:48",
  "updatedAt": {
    "$date": "2025-09-22T23:32:58.366Z"
  },
  "status": true,
  "branch": {
    "$oid": "6747ce8535995e3cbc17b3dd"
  },
  "approvers": [
    {
      "$oid": "67a1ab2da9e77c663d11e22c"
    }
  ],
  "isAvailable": true
},
{
  "_id": {
    "$oid": "67a1aa3b429010b3acc274ba"
  },
  "name": "Hino Cargo truck",
  "description": "Hino Cargo truck - AAR 6995",
  "plateNumber": "AAR 6995",
  "department": {
    "$oid": "6747d1dbde8ede2c214fe5c4"
  },
  "createdAt": "2023-11-16 07:22:57",
  "updatedAt": "2023-11-16 07:22:57",
  "status": true,
  "branch": {
    "$oid": "6747ce8535995e3cbc17b3dd"
  },
  "approvers": [
    {
      "$oid": "67a1ab2da9e77c663d11e275"
    },
    {
      "$oid": "67a1ab2da9e77c663d11e22c"
    }
  ],
  "isAvailable": true
},
{
  "_id": {
    "$oid": "67a1aa3b429010b3acc274b9"
  },
  "name": "Hino AAR 6995",
  "description": "HINO AAR 6995 Assigned to Trucking",
  "plateNumber": "AAR-6995",
  "department": {
    "$oid": "6747d1dbde8ede2c214fe5c4"
  },
  "createdAt": "2023-11-16 07:16:44",
  "updatedAt": {
    "$date": "2025-08-18T18:17:27.482Z"
  },
  "status": true,
  "branch": {
    "$oid": "6747ce8535995e3cbc17b3dc"
  },
  "approvers": [
    {
      "$oid": "67a1ab2da9e77c663d11e275"
    },
    {
      "$oid": "67a1ab2da9e77c663d11e22c"
    }
  ],
  "isAvailable": false
},
{
  "_id": {
    "$oid": "67a1aa3b429010b3acc274b8"
  },
  "name": "Hino Dump Truck 10 Wheelers",
  "description": "CHASSIS / ENGINE: FS3FKAD-13648/F20C-A17335\nOther Details: 1991, standard cabin, double square eye w/ sunvisor, dump body high side 14cm3, 8 holes",
  "plateNumber": "CHDT0146",
  "department": {
    "$oid": "6747d1dbde8ede2c214fe55c"
  },
  "createdAt": "2023-11-15 00:59:35",
  "updatedAt": {
    "$date": "2025-07-18T09:20:04.374Z"
  },
  "status": true,
  "branch": {
    "$oid": "6747ce8535995e3cbc17b3dd"
  },
  "approvers": [
    {
      "$oid": "67a1ab2da9e77c663d11e22c"
    }
  ],
  "isAvailable": true
},
{
  "_id": {
    "$oid": "67a1aa3b429010b3acc274b7"
  },
  "name": "Mitsubishi Fuso Dump Truck 10 Wheeler",
  "description": "CHASSIS / ENGINE: FV411J-750287/8M20-008133\nOther Details: Standard cabin, project lamp, dump truck body high side, suspension leaf spring. 8 holes",
  "plateNumber": "CHDT0199",
  "department": {
    "$oid": "6747d1dbde8ede2c214fe55c"
  },
  "createdAt": "2023-11-15 00:57:52",
  "updatedAt": "2023-11-15 00:57:52",
  "status": true,
  "branch": {
    "$oid": "6747ce8535995e3cbc17b3dd"
  },
  "approvers": [
    {
      "$oid": "67a1ab2da9e77c663d11e22c"
    }
  ],
  "isAvailable": true
},
{
  "_id": {
    "$oid": "67a1aa3b429010b3acc274b6"
  },
  "name": "KAR 3406 - Rush (Rosie)",
  "description": "Rush (Rosie)",
  "plateNumber": "KAR 3406",
  "department": {
    "$oid": "6747d1dbde8ede2c214fe5cd"
  },
  "createdAt": "2023-09-09 11:46:44",
  "updatedAt": {
    "$date": "2025-07-09T01:04:12.010Z"
  },
  "status": true,
  "branch": {
    "$oid": "6747ce8535995e3cbc17b3dc"
  },
  "approvers": [
    {
      "$oid": "67a1ab2da9e77c663d11e22c"
    },
    {
      "$oid": "67a1ab2da9e77c663d11e1e5"
    }
  ],
  "isAvailable": true
},
{
  "_id": {
    "$oid": "67a1aa3b429010b3acc274b5"
  },
  "name": "Jetour EV (EV49)",
  "description": "EV",
  "plateNumber": "NHV1249",
  "createdAt": "2023-07-31 10:31:24",
  "updatedAt": {
    "$date": "2025-09-03T00:14:12.803Z"
  },
  "status": true,
  "branch": {
    "$oid": "6747ce8535995e3cbc17b3dd"
  },
  "approvers": [
    {
      "$oid": "67a1ab2da9e77c663d11e281"
    },
    {
      "$oid": "67a1ab2da9e77c663d11e228"
    },
    {
      "$oid": "67a1ab2da9e77c663d11e1e0"
    },
    {
      "$oid": "67a1ab2da9e77c663d11e230"
    },
    {
      "$oid": "67a1ab2da9e77c663d11e1e5"
    },
    {
      "$oid": "67a1ab2da9e77c663d11e237"
    }
  ],
  "isAvailable": true
},
{
  "_id": {
    "$oid": "67a1aa3b429010b3acc274b4"
  },
  "name": "JAN-4650 - 10 Wheelers Mitsubishi Fuso",
  "description": "JAN-4650 - 10 Wheelers Mitsubishi Fuso",
  "plateNumber": "JAN-4650",
  "department": {
    "$oid": "6747d1dbde8ede2c214fe560"
  },
  "createdAt": "2023-06-19 11:23:07",
  "updatedAt": {
    "$date": "2025-09-19T16:07:32.553Z"
  },
  "status": true,
  "branch": {
    "$oid": "6747ce8535995e3cbc17b3dc"
  },
  "approvers": [
    {
      "$oid": "67a1ab2da9e77c663d11e275"
    },
    {
      "$oid": "67a1ab2da9e77c663d11e22c"
    }
  ],
  "isAvailable": false
},
{
  "_id": {
    "$oid": "67a1aa3b429010b3acc274b3"
  },
  "name": "0901-178409 - Stockroom",
  "description": "0901-178409 - Stockroom",
  "plateNumber": "0901-178409",
  "department": {
    "$oid": "6747d1dbde8ede2c214fe5c7"
  },
  "createdAt": "2023-06-16 16:45:00",
  "updatedAt": {
    "$date": "2025-08-29T06:35:02.271Z"
  },
  "status": true,
  "branch": {
    "$oid": "6747ce8535995e3cbc17b3dc"
  },
  "approvers": [
    {
      "$oid": "67a1ab2da9e77c663d11e1ea"
    },
    {
      "$oid": "67a1ab2da9e77c663d11e22c"
    }
  ],
  "isAvailable": true
},
{
  "_id": {
    "$oid": "67a1aa3b429010b3acc274b2"
  },
  "name": "LITEACE KAP 8729",
  "description": "Toyota LITE ACE 1.5L FX MT\nJan Robert Roa\nSTEEL 1-3438",
  "plateNumber": "KAP 8729",
  "department": {
    "$oid": "6747d1dbde8ede2c214fe5c2"
  },
  "createdAt": "2023-05-05 03:38:47",
  "updatedAt": {
    "$date": "2025-09-12T11:21:52.295Z"
  },
  "status": false,
  "branch": {
    "$oid": "6747ce8535995e3cbc17b3dd"
  },
  "approvers": [],
  "isAvailable": true
},
{
  "_id": {
    "$oid": "67a1aa3b429010b3acc274b1"
  },
  "name": "LITEACE KAP-8728",
  "description": "Toyota LITE ACE 1.5L FX MT\nJason Estabaya / Michael Conrad\nSTEEL 1-3436",
  "plateNumber": "KAP 8728",
  "department": {
    "$oid": "6747d1dbde8ede2c214fe5c2"
  },
  "createdAt": "2023-05-05 03:37:20",
  "updatedAt": {
    "$date": "2025-10-02T06:05:25.055Z"
  },
  "status": false,
  "branch": {
    "$oid": "6747ce8535995e3cbc17b3dd"
  },
  "approvers": [
    {
      "$oid": "67a1ab2da9e77c663d11e1e1"
    },
    {
      "$oid": "67a1ab2da9e77c663d11e22d"
    },
    {
      "$oid": "67a1ab2da9e77c663d11e1e7"
    }
  ],
  "isAvailable": true
},
{
  "_id": {
    "$oid": "67a1aa3b429010b3acc274b0"
  },
  "name": "LITEACE KAP-8731",
  "description": "Toyota LITE ACE 1.5L FX MT\nArnel Cemacio\nFA-CTE-0045",
  "plateNumber": "KAP 8731",
  "createdAt": "2023-05-05 01:54:56",
  "updatedAt": {
    "$date": "2025-10-02T06:05:47.901Z"
  },
  "status": false,
  "branch": {
    "$oid": "6747ce8535995e3cbc17b3dc"
  },
  "approvers": [
    {
      "$oid": "67a1ab2da9e77c663d11e1e7"
    },
    {
      "$oid": "67a1ab2da9e77c663d11e1f6"
    },
    {
      "$oid": "67a1ab2da9e77c663d11e1e5"
    },
    {
      "$oid": "67a1ab2da9e77c663d11e1f8"
    }
  ],
  "isAvailable": true,
  "department": {
    "$oid": "6747d1dbde8ede2c214fe555"
  }
},
{
  "_id": {
    "$oid": "67a1aa3b429010b3acc274af"
  },
  "name": "Toyota Liteace KAP 8730",
  "description": "Toyota LITE ACE 1.5L FX MT\nDennis Daiz\nFA-CTE-0046",
  "plateNumber": "KAP 8730",
  "createdAt": "2023-05-02 05:51:04",
  "updatedAt": {
    "$date": "2025-09-25T05:17:58.978Z"
  },
  "status": true,
  "branch": {
    "$oid": "6747ce8535995e3cbc17b3dd"
  },
  "approvers": [
    {
      "$oid": "67a1ab2da9e77c663d11e1e7"
    },
    {
      "$oid": "67a1ab2da9e77c663d11e1e1"
    },
    {
      "$oid": "67a1ab2da9e77c663d11e230"
    },
    {
      "$oid": "67a1ab2da9e77c663d11e1ef"
    },
    {
      "$oid": "67a1ab2da9e77c663d11e1e5"
    },
    {
      "$oid": "67a1ab2da9e77c663d11e275"
    },
    {
      "$oid": "67a1ab2da9e77c663d11e1e0"
    },
    {
      "$oid": "67a1ab2da9e77c663d11e228"
    },
    {
      "$oid": "67a1ab2da9e77c663d11e237"
    },
    {
      "$oid": "67a1ab2da9e77c663d11e281"
    }
  ],
  "isAvailable": true
},
{
  "_id": {
    "$oid": "67a1aa3b429010b3acc274ae"
  },
  "name": "KAP 3773 - Rush (Raffy)",
  "description": "Torota Rush",
  "plateNumber": "kap 3773",
  "department": {
    "$oid": "6747d1dbde8ede2c214fe5cd"
  },
  "createdAt": "2023-04-11 13:59:32",
  "updatedAt": {
    "$date": "2025-09-23T23:25:18.264Z"
  },
  "status": true,
  "branch": {
    "$oid": "6747ce8535995e3cbc17b3dc"
  },
  "approvers": [
    {
      "$oid": "67a1ab2da9e77c663d11e22c"
    },
    {
      "$oid": "67a1ab2da9e77c663d11e1e5"
    }
  ],
  "isAvailable": false
},
{
  "_id": {
    "$oid": "67a1aa3b429010b3acc274ad"
  },
  "name": "Z1 P841 - Rav4 (Bear)",
  "description": "Rav 4 Shiro Car Rental",
  "plateNumber": "Z1 P841",
  "department": {
    "$oid": "6747d1dbde8ede2c214fe5cd"
  },
  "createdAt": "2023-03-18 08:09:55",
  "updatedAt": {
    "$date": "2025-03-17T05:53:52.606Z"
  },
  "status": false,
  "branch": {
    "$oid": "6747ce8535995e3cbc17b3dc"
  },
  "approvers": [
    {
      "$oid": "67a1ab2da9e77c663d11e27f"
    },
    {
      "$oid": "67a1ab2da9e77c663d11e278"
    },
    {
      "$oid": "67a1ab2da9e77c663d11e279"
    }
  ],
  "isAvailable": true
},
{
  "_id": {
    "$oid": "67a1aa3b429010b3acc274ac"
  },
  "name": "KAP 7377 - Innova (Cassie)",
  "description": "Innova Shiro",
  "plateNumber": "KAP 7377",
  "department": {
    "$oid": "6747d1dbde8ede2c214fe5cd"
  },
  "createdAt": "2023-03-02 14:23:28",
  "updatedAt": {
    "$date": "2025-09-23T21:00:33.313Z"
  },
  "status": true,
  "branch": {
    "$oid": "6747ce8535995e3cbc17b3dc"
  },
  "approvers": [
    {
      "$oid": "67a1ab2da9e77c663d11e22c"
    },
    {
      "$oid": "67a1ab2da9e77c663d11e1e5"
    }
  ],
  "isAvailable": false
},
{
  "_id": {
    "$oid": "67a1aa3b429010b3acc274ab"
  },
  "name": "KAI 3585- Wigo (Windy)",
  "description": "Wigo 1.0 G AT\nCar Name: Windy",
  "plateNumber": "KAI 3585",
  "department": {
    "$oid": "6747d1dbde8ede2c214fe5cd"
  },
  "createdAt": "2022-11-03 06:41:02",
  "updatedAt": "2023-06-19 18:08:55",
  "status": true,
  "branch": {
    "$oid": "6747ce8535995e3cbc17b3dc"
  },
  "approvers": [
    {
      "$oid": "67a1ab2da9e77c663d11e278"
    },
    {
      "$oid": "67a1ab2da9e77c663d11e279"
    }
  ],
  "isAvailable": true
},
{
  "_id": {
    "$oid": "67a1aa3b429010b3acc274aa"
  },
  "name": "MAL 3850",
  "description": "Plate #: MAL 3850\nDescription: CHCT0150 Mitsubishi Cargo Truck 10W\nAssigned to: Trucking Department",
  "plateNumber": "MAL 3850",
  "department": {
    "$oid": "6747d1dbde8ede2c214fe5c4"
  },
  "createdAt": "2022-09-13 08:58:22",
  "updatedAt": {
    "$date": "2025-09-24T21:28:47.302Z"
  },
  "status": true,
  "branch": {
    "$oid": "6747ce8535995e3cbc17b3dc"
  },
  "approvers": [
    {
      "$oid": "67a1ab2da9e77c663d11e275"
    },
    {
      "$oid": "67a1ab2da9e77c663d11e22c"
    }
  ],
  "isAvailable": false
},
{
  "_id": {
    "$oid": "67a1aa3b429010b3acc274a9"
  },
  "name": "KAP 2410 - JKC Vios (Car Rental)",
  "description": "2022 Toyota Vios 1,3 J M/T\nCar Name: Via",
  "plateNumber": "KAP 2410",
  "department": {
    "$oid": "6747d1dbde8ede2c214fe5cd"
  },
  "createdAt": "2022-09-03 07:49:48",
  "updatedAt": {
    "$date": "2025-05-02T04:49:56.953Z"
  },
  "status": true,
  "branch": {
    "$oid": "6747ce8535995e3cbc17b3dc"
  },
  "approvers": [
    {
      "$oid": "67a1ab2da9e77c663d11e22c"
    }
  ],
  "isAvailable": true
},
{
  "_id": {
    "$oid": "67a1aa3b429010b3acc274a8"
  },
  "name": "KAP 1416 - Innova (Casper)",
  "description": "2022 Toyota Innova 2.8 J DI M/T\nCar Name: Casper",
  "plateNumber": "KAP 1416",
  "department": {
    "$oid": "6747d1dbde8ede2c214fe5cd"
  },
  "createdAt": "2022-09-03 07:48:50",
  "updatedAt": {
    "$date": "2025-08-30T02:12:45.670Z"
  },
  "status": true,
  "branch": {
    "$oid": "6747ce8535995e3cbc17b3dc"
  },
  "approvers": [
    {
      "$oid": "67a1ab2da9e77c663d11e22c"
    },
    {
      "$oid": "67a1ab2da9e77c663d11e1e5"
    }
  ],
  "isAvailable": true
},
{
  "_id": {
    "$oid": "67a1aa3b429010b3acc274a7"
  },
  "name": "Foton Tornado (KAG 5848)",
  "description": "Unit: Foton Tornado (New)\nAssigned to: C-ONE Steel",
  "plateNumber": "KAG 5848",
  "createdAt": "2022-05-19 23:37:49",
  "updatedAt": {
    "$date": "2025-05-23T04:18:25.511Z"
  },
  "status": true,
  "branch": {
    "$oid": "6747ce8535995e3cbc17b3dd"
  },
  "approvers": [
    {
      "$oid": "67a1ab2da9e77c663d11e1e5"
    }
  ],
  "isAvailable": false
},
{
  "_id": {
    "$oid": "67a1aa3b429010b3acc274a6"
  },
  "name": "Foton Tornado (Steel)",
  "description": "Unit: Foton Tornado\nAssigned to: C-ONE Steel",
  "plateNumber": "KAF 5410",
  "department": {
    "$oid": "6747d1dbde8ede2c214fe5c2"
  },
  "createdAt": "2022-05-17 23:51:57",
  "updatedAt": {
    "$date": "2025-03-17T05:53:36.568Z"
  },
  "status": false,
  "branch": {
    "$oid": "6747ce8535995e3cbc17b3dd"
  },
  "approvers": [
    {
      "$oid": "67a1ab2da9e77c663d11e1e1"
    }
  ],
  "isAvailable": true
},
{
  "_id": {
    "$oid": "67a1aa3b429010b3acc274a5"
  },
  "name": "KAF 5408 - Foton Gratour",
  "description": "Unit: Foton Gratour (mini-truck)\nAssigned to: C-ONE Trucks",
  "plateNumber": "KAF 5408",
  "department": {
    "$oid": "6747d1dbde8ede2c214fe589"
  },
  "createdAt": "2022-05-17 23:51:10",
  "updatedAt": {
    "$date": "2025-10-06T01:19:22.207Z"
  },
  "status": true,
  "branch": {
    "$oid": "6747ce8535995e3cbc17b3dd"
  },
  "approvers": [
    {
      "$oid": "67a1ab2da9e77c663d11e1e7"
    },
    {
      "$oid": "67a1ab2da9e77c663d11e275"
    }
  ],
  "isAvailable": true
},
{
  "_id": {
    "$oid": "67a1aa3b429010b3acc274a4"
  },
  "name": "MCW 7787",
  "description": "Double cab",
  "plateNumber": "MC 7787",
  "department": {
    "$oid": "6747d1dbde8ede2c214fe5c2"
  },
  "createdAt": "2022-03-07 23:11:54",
  "updatedAt": {
    "$date": "2025-09-25T05:40:13.139Z"
  },
  "status": true,
  "branch": {
    "$oid": "6747ce8535995e3cbc17b3dd"
  },
  "approvers": [
    {
      "$oid": "67a1ab2da9e77c663d11e1e1"
    }
  ],
  "isAvailable": false
},
{
  "_id": {
    "$oid": "67a1aa3b429010b3acc274a3"
  },
  "name": "KAF 2390 Toyota Innova",
  "description": "Approver: Alexander Lim",
  "plateNumber": "KAF 2390",
  "department": {
    "$oid": "6747d1dbde8ede2c214fe5c8"
  },
  "createdAt": "2022-02-17 18:49:05",
  "updatedAt": {
    "$date": "2025-03-17T05:53:02.826Z"
  },
  "status": false,
  "branch": {
    "$oid": "6747ce8535995e3cbc17b3dd"
  },
  "approvers": [
    {
      "$oid": "67a1ab2da9e77c663d11e257"
    },
    {
      "$oid": "67a1ab2da9e77c663d11e1de"
    }
  ],
  "isAvailable": true
},
{
  "_id": {
    "$oid": "67a1aa3b429010b3acc274a2"
  },
  "name": "J3630",
  "description": "Code: J3630 \nDescription: JAPAN TOYOTA FORKLIFT 10TONS\nAssigned to: C-ONE Rentals",
  "plateNumber": "J3630",
  "createdAt": "2022-01-04 19:10:18",
  "updatedAt": "2022-01-04 19:10:18",
  "status": true,
  "branch": {
    "$oid": "6747ce8535995e3cbc17b3dd"
  },
  "approvers": [],
  "isAvailable": true
},
{
  "_id": {
    "$oid": "67a1aa3b429010b3acc274a1"
  },
  "name": "CHGR-0002",
  "description": "Unit: Mitsubishi MG3-H Motor Grader CHGR-0002\nAssigned to: C-ONE Rentals / Rubin",
  "plateNumber": "CHGR-0002",
  "department": {
    "$oid": "6747d1dbde8ede2c214fe55c"
  },
  "createdAt": "2021-12-04 00:57:52",
  "updatedAt": "2023-06-19 16:19:11",
  "status": true,
  "branch": {
    "$oid": "6747ce8535995e3cbc17b3dc"
  },
  "approvers": [
    {
      "$oid": "67a1ab2da9e77c663d11e22c"
    }
  ],
  "isAvailable": true
},
{
  "_id": {
    "$oid": "67a1aa3b429010b3acc274a0"
  },
  "name": "758 KAM - XRM Yellow Motor",
  "description": "Department: Rentals\nXRM YELLOW MOTOR\t100-102 (758 KAM)",
  "plateNumber": "758 KAM",
  "department": {
    "$oid": "6747d1dbde8ede2c214fe55c"
  },
  "createdAt": "2021-11-23 18:26:34",
  "updatedAt": {
    "$date": "2025-10-08T06:13:05.349Z"
  },
  "status": true,
  "branch": {
    "$oid": "6747ce8535995e3cbc17b3dc"
  },
  "approvers": [
    {
      "$oid": "67a1ab2da9e77c663d11e22c"
    }
  ],
  "isAvailable": true
},
{
  "_id": {
    "$oid": "67a1aa3b429010b3acc2749f"
  },
  "name": "Forklift FACSTE-1772",
  "description": "FACSTE-1772\n10 Tons Forklift",
  "plateNumber": "FACSTE-1772",
  "createdAt": "2021-10-22 17:10:45",
  "updatedAt": "2021-10-22 17:10:45",
  "status": true,
  "branch": {
    "$oid": "6747ce8535995e3cbc17b3dd"
  },
  "approvers": [],
  "isAvailable": true
},
{
  "_id": {
    "$oid": "67a1aa3b429010b3acc2749e"
  },
  "name": "MAX 2940 Shacman Tractor Head 240",
  "description": "Shacman Tractor Head 240",
  "plateNumber": "MAX 2940",
  "department": {
    "$oid": "6747d1dbde8ede2c214fe5c4"
  },
  "createdAt": "2021-10-18 16:25:15",
  "updatedAt": {
    "$date": "2025-09-24T10:36:20.877Z"
  },
  "status": true,
  "branch": {
    "$oid": "6747ce8535995e3cbc17b3dc"
  },
  "approvers": [
    {
      "$oid": "67a1ab2da9e77c663d11e275"
    },
    {
      "$oid": "67a1ab2da9e77c663d11e22c"
    }
  ],
  "isAvailable": false
},
{
  "_id": {
    "$oid": "67a1aa3b429010b3acc2749d"
  },
  "name": "Isuzu Elf Double Cab Cargo Dropside",
  "description": "Assigned to: C-ONE Steel",
  "plateNumber": "MAD 3776",
  "createdAt": "2021-10-06 00:17:33",
  "updatedAt": "2021-10-06 00:17:33",
  "status": true,
  "branch": {
    "$oid": "6747ce8535995e3cbc17b3dd"
  },
  "approvers": [],
  "isAvailable": true
},
{
  "_id": {
    "$oid": "67a1aa3b429010b3acc2749c"
  },
  "name": "CHT0011",
  "description": "Trailer Heavy Brandnew\n1201-00000751731\nAfter Sales",
  "plateNumber": "CHT0011",
  "createdAt": "2021-08-11 22:34:21",
  "updatedAt": "2021-08-11 22:34:21",
  "status": true,
  "branch": {
    "$oid": "6747ce8535995e3cbc17b3dd"
  },
  "approvers": [],
  "isAvailable": true
},
{
  "_id": {
    "$oid": "67a1aa3b429010b3acc2749b"
  },
  "name": "CHT009",
  "description": "Trailer Heavy Brandnew\n1201-00000751664\nAfter Sales",
  "plateNumber": "CHT009",
  "createdAt": "2021-08-11 22:34:05",
  "updatedAt": "2021-08-11 22:34:05",
  "status": true,
  "branch": {
    "$oid": "6747ce8535995e3cbc17b3dd"
  },
  "approvers": [],
  "isAvailable": true
},
{
  "_id": {
    "$oid": "67a1aa3b429010b3acc2749a"
  },
  "name": "JFA 198",
  "description": "Description: Mitsubishi Fuso Tractor Head 10 Wheelers 6x6 - #1230-11572\nSAP CODE: CHTH0003\nDepartment: After Sales",
  "plateNumber": "JFA 198",
  "createdAt": "2021-08-11 22:32:41",
  "updatedAt": {
    "$date": "2025-09-19T00:21:11.370Z"
  },
  "status": true,
  "branch": {
    "$oid": "6747ce8535995e3cbc17b3dd"
  },
  "approvers": [
    {
      "$oid": "67a1ab2da9e77c663d11e275"
    },
    {
      "$oid": "67a1ab2da9e77c663d11e22c"
    }
  ],
  "isAvailable": false
},
{
  "_id": {
    "$oid": "67a1aa3b429010b3acc27499"
  },
  "name": "MAC 5845",
  "description": "DHTH0012\nMITSUBISHI FUSO TRACTOR HEAD 10 WHEELERS\n\nAFTER SALES",
  "plateNumber": "MAC 5845",
  "department": {
    "$oid": "6747d1dbde8ede2c214fe560"
  },
  "createdAt": "2021-07-27 02:34:36",
  "updatedAt": "2023-06-07 17:07:04",
  "status": true,
  "branch": {
    "$oid": "6747ce8535995e3cbc17b3dc"
  },
  "approvers": [
    {
      "$oid": "67a1ab2da9e77c663d11e22c"
    }
  ],
  "isAvailable": true
},
{
  "_id": {
    "$oid": "67a1aa3b429010b3acc27498"
  },
  "name": "MAI 2740",
  "description": "Mitsubishi Fuso Cargo Truck 12 Wheelers\nAssigned to: After Sales",
  "plateNumber": "MAI 2740",
  "department": {
    "$oid": "6747d1dbde8ede2c214fe560"
  },
  "createdAt": "2021-07-22 18:04:12",
  "updatedAt": {
    "$date": "2025-09-23T17:02:00.153Z"
  },
  "status": true,
  "branch": {
    "$oid": "6747ce8535995e3cbc17b3dc"
  },
  "approvers": [
    {
      "$oid": "67a1ab2da9e77c663d11e275"
    },
    {
      "$oid": "67a1ab2da9e77c663d11e22c"
    }
  ],
  "isAvailable": false
},
{
  "_id": {
    "$oid": "67a1aa3b429010b3acc27497"
  },
  "name": "MAD 8967",
  "description": "CMCT0043 - Mitsubishi Fighter Cargo Truck 6 Wheelers\nAssigned to: After Sales",
  "plateNumber": "MAD 8967",
  "department": {
    "$oid": "6747d1dbde8ede2c214fe5c4"
  },
  "createdAt": "2021-07-22 18:03:49",
  "updatedAt": {
    "$date": "2025-09-25T02:31:13.200Z"
  },
  "status": true,
  "branch": {
    "$oid": "6747ce8535995e3cbc17b3dc"
  },
  "approvers": [
    {
      "$oid": "67a1ab2da9e77c663d11e275"
    },
    {
      "$oid": "67a1ab2da9e77c663d11e22c"
    }
  ],
  "isAvailable": false
},
{
  "_id": {
    "$oid": "67a1aa3b429010b3acc27496"
  },
  "name": "KAG 3124 FOTON TORNADO M 2.6C MPV",
  "description": "FOTON TORNADO M 2.6C MPV \nDepartment: Stockroom\nAssigned to: Arnel Cemacio \nSAP Code: FA-CTE-0044",
  "plateNumber": "KAG 3124",
  "createdAt": "2021-03-27 01:01:57",
  "updatedAt": {
    "$date": "2025-03-17T05:53:15.763Z"
  },
  "status": false,
  "branch": {
    "$oid": "6747ce8535995e3cbc17b3dc"
  },
  "approvers": [
    {
      "$oid": "67a1ab2da9e77c663d11e1e7"
    },
    {
      "$oid": "67a1ab2da9e77c663d11e1de"
    }
  ],
  "isAvailable": true
},
{
  "_id": {
    "$oid": "67a1aa3b429010b3acc27495"
  },
  "name": "KAG 3055 - Foton Gratour TM 300 MPV",
  "description": "Unit Description : FOTON Gratour TM300 MPV\nPlate Number : KAG 3055\nAssigned to : Trucks Sales : Arnil Lim & Romeo Pedraza",
  "plateNumber": "KAG 3055",
  "department": {
    "$oid": "6747d1dbde8ede2c214fe5c4"
  },
  "createdAt": "2021-03-09 16:23:44",
  "updatedAt": {
    "$date": "2025-09-03T00:19:16.687Z"
  },
  "status": false,
  "branch": {
    "$oid": "6747ce8535995e3cbc17b3dc"
  },
  "approvers": [
    {
      "$oid": "67a1ab2da9e77c663d11e1f1"
    }
  ],
  "isAvailable": true
},
{
  "_id": {
    "$oid": "67a1aa3b429010b3acc27494"
  },
  "name": "Xia Sheng Wheel Loader XM956",
  "description": "SAP Code: FA-CNRE-0105\nAssigned to: C-ONE Rentals",
  "plateNumber": "CHWL0014 ",
  "department": {
    "$oid": "6747d1dbde8ede2c214fe55c"
  },
  "createdAt": "2021-02-15 18:46:18",
  "updatedAt": "2023-06-19 16:18:33",
  "status": true,
  "branch": {
    "$oid": "6747ce8535995e3cbc17b3dc"
  },
  "approvers": [
    {
      "$oid": "67a1ab2da9e77c663d11e22c"
    }
  ],
  "isAvailable": true
},
{
  "_id": {
    "$oid": "67a1aa3b429010b3acc27493"
  },
  "name": "FA-CNRE-0106",
  "description": "\nLocal code: CHCR-0004\nSAP code: FA-CNRE-0106\nJapan code: N542\nAsset description: Komatsu Rough Terrain 25 Tonners Crane L001-10502 (LW250 model)\nEngine/ Chassis: GD125-52484/ MR131223\nColor: BLUE",
  "plateNumber": "FA-CNRE-0106",
  "createdAt": "2021-01-21 04:45:45",
  "updatedAt": "2021-01-21 20:46:32",
  "status": true,
  "branch": {
    "$oid": "6747ce8535995e3cbc17b3dd"
  },
  "approvers": [],
  "isAvailable": true
},
{
  "_id": {
    "$oid": "67a1aa3b429010b3acc27492"
  },
  "name": "Self Loader Truck",
  "description": "Self Loader Truck  \nMITSUBISHI SELF LOADER TRUCK\nFV411P-540048\n8M20-000709\nMAA4566\nBLUE GREEN\nAssgined to Rentals",
  "plateNumber": "MAA4566",
  "createdAt": "2021-01-14 23:54:06",
  "updatedAt": "2021-01-14 23:54:06",
  "status": true,
  "branch": {
    "$oid": "6747ce8535995e3cbc17b3dd"
  },
  "approvers": [],
  "isAvailable": true
},
{
  "_id": {
    "$oid": "67a1aa3b429010b3acc27491"
  },
  "name": "CHGR0002",
  "description": "CHGR0002 Grader MG3 Mitsubishi\nMG3-H-MG37965/6DB1\nDepartment: Rentals",
  "plateNumber": "CHGR0002 ",
  "createdAt": "2020-12-16 00:56:24",
  "updatedAt": "2020-12-16 00:56:24",
  "status": true,
  "branch": {
    "$oid": "6747ce8535995e3cbc17b3dd"
  },
  "approvers": [],
  "isAvailable": true
},
{
  "_id": {
    "$oid": "67a1aa3b429010b3acc27490"
  },
  "name": "Scooter",
  "description": "Scooter \nAssigned: Philip Sabud",
  "plateNumber": "N/A",
  "createdAt": "2020-10-01 16:43:08",
  "updatedAt": "2021-02-09 00:56:22",
  "status": true,
  "branch": {
    "$oid": "6747ce8535995e3cbc17b3dd"
  },
  "approvers": [],
  "isAvailable": true
},
{
  "_id": {
    "$oid": "67a1aa3b429010b3acc2748f"
  },
  "name": "MAD 2095",
  "description": "steel",
  "plateNumber": "MAD 2095",
  "createdAt": "2020-07-30 02:12:42",
  "updatedAt": "2020-07-30 02:12:42",
  "status": true,
  "branch": {
    "$oid": "6747ce8535995e3cbc17b3dd"
  },
  "approvers": [],
  "isAvailable": true
},
{
  "_id": {
    "$oid": "67a1aa3b429010b3acc2748e"
  },
  "name": "Hitachi LX70 Wheel Loader",
  "description": "Department: C-ONE Rentals\nAssigned to:Evan Kween Uy\nType: Wheel Loader\nMaker and Model: Hitachi LX70\nTemporary Plate: CHWL0008",
  "plateNumber": "CHWL0008",
  "createdAt": "2020-07-23 21:31:45",
  "updatedAt": "2020-07-23 21:31:45",
  "status": true,
  "branch": {
    "$oid": "6747ce8535995e3cbc17b3dd"
  },
  "approvers": [],
  "isAvailable": true
},
{
  "_id": {
    "$oid": "67a1aa3b429010b3acc2748d"
  },
  "name": "Nissan X-Trail",
  "description": "Assigned to: Jordan Canete",
  "plateNumber": "KDO 6521",
  "department": {
    "$oid": "6747d1dbde8ede2c214fe5c8"
  },
  "createdAt": "2020-01-21 17:15:07",
  "updatedAt": {
    "$date": "2025-03-17T05:02:02.063Z"
  },
  "status": false,
  "branch": {
    "$oid": "6747ce8535995e3cbc17b3dc"
  },
  "approvers": [
    {
      "$oid": "67a1ab2da9e77c663d11e257"
    },
    {
      "$oid": "67a1ab2da9e77c663d11e1de"
    }
  ],
  "isAvailable": true
},
{
  "_id": {
    "$oid": "67a1aa3b429010b3acc2748c"
  },
  "name": "Manlift",
  "description": "Temporarily Assigned to Maintenance\n",
  "plateNumber": "MAI 8301",
  "createdAt": "2019-12-20 21:55:27",
  "updatedAt": "2019-12-20 21:55:27",
  "status": true,
  "branch": {
    "$oid": "6747ce8535995e3cbc17b3dd"
  },
  "approvers": [],
  "isAvailable": true
},
{
  "_id": {
    "$oid": "67a1aa3b429010b3acc2748b"
  },
  "name": "MAC 5560",
  "description": "Mitsubishi super Great\nDepartment: After Sales",
  "plateNumber": "MAC 5560",
  "department": {
    "$oid": "6747d1dbde8ede2c214fe560"
  },
  "createdAt": "2019-09-30 16:33:38",
  "updatedAt": {
    "$date": "2025-08-26T15:57:35.430Z"
  },
  "status": true,
  "branch": {
    "$oid": "6747ce8535995e3cbc17b3dc"
  },
  "approvers": [
    {
      "$oid": "67a1ab2da9e77c663d11e275"
    },
    {
      "$oid": "67a1ab2da9e77c663d11e22c"
    }
  ],
  "isAvailable": false
},
{
  "_id": {
    "$oid": "67a1aa3b429010b3acc2748a"
  },
  "name": "Komatsu Forklift",
  "description": "3.5 TONNERS FORKLIFT",
  "plateNumber": "CMFL-0008",
  "department": {
    "$oid": "6747d1dbde8ede2c214fe55c"
  },
  "createdAt": "2019-09-02 23:11:20",
  "updatedAt": "2023-06-19 16:10:38",
  "status": true,
  "branch": {
    "$oid": "6747ce8535995e3cbc17b3dc"
  },
  "approvers": [
    {
      "$oid": "67a1ab2da9e77c663d11e22c"
    }
  ],
  "isAvailable": true
},
{
  "_id": {
    "$oid": "67a1aa3b429010b3acc27489"
  },
  "name": "MAJ 1603 - Isuzu Forward Cargo Dropside with Boom - CMCT0047",
  "description": "Department: Rentals\nFRR12JA-3600648\n6BG1-722488\nYELLOW/BLACK",
  "plateNumber": "MAJ1603",
  "department": {
    "$oid": "6747d1dbde8ede2c214fe55c"
  },
  "createdAt": "2019-08-22 23:08:57",
  "updatedAt": "2023-06-13 17:53:22",
  "status": true,
  "branch": {
    "$oid": "6747ce8535995e3cbc17b3dc"
  },
  "approvers": [
    {
      "$oid": "67a1ab2da9e77c663d11e22c"
    }
  ],
  "isAvailable": true
},
{
  "_id": {
    "$oid": "67a1aa3b429010b3acc27488"
  },
  "name": "MAC 7658 Isuzu Elf Double Cab Cargo Dropside",
  "description": "SAP CODE : FA-CTE-0040\nUnit Description : Isuzu Elf Double Cab Cargo Dropside 6 Wheelers\nPlate Number : MAC-7658\nAssigned to : Virgilio Omlang ( Equipment Parts )",
  "plateNumber": "MAC 7658",
  "createdAt": "2019-07-23 04:11:03",
  "updatedAt": {
    "$date": "2025-09-24T02:19:28.845Z"
  },
  "status": true,
  "branch": {
    "$oid": "6747ce8535995e3cbc17b3dc"
  },
  "approvers": [
    {
      "$oid": "67a1ab2da9e77c663d11e1e5"
    }
  ],
  "isAvailable": false
},
{
  "_id": {
    "$oid": "67a1aa3b429010b3acc27487"
  },
  "name": "Kobelco Crane",
  "description": "Local code: CHCR-0003\nSAP code: FA-CNRE-0071\nJapan code: J3370\nAsset description: KOBELCO Rough Terrain 5 Tonners Crane RK100 model\nEngine/ Chassis: RK100-EN04-15076\nColor: BLUE",
  "plateNumber": "FA-CNRE-0071",
  "createdAt": "2019-03-21 23:26:32",
  "updatedAt": "2021-01-21 21:05:26",
  "status": true,
  "branch": {
    "$oid": "6747ce8535995e3cbc17b3dd"
  },
  "approvers": [],
  "isAvailable": true
},
{
  "_id": {
    "$oid": "67a1aa3b429010b3acc27486"
  },
  "name": "TCM FD80 8-Tonner Forklift",
  "description": "Description: TCM FD80 8-Tonner Forklift 8 Tons\nAssigned to: C-ONE Rentals",
  "plateNumber": "FL-029",
  "createdAt": "2019-01-15 18:44:44",
  "updatedAt": "2019-03-29 16:28:42",
  "status": true,
  "branch": {
    "$oid": "6747ce8535995e3cbc17b3dd"
  },
  "approvers": [],
  "isAvailable": true
},
{
  "_id": {
    "$oid": "67a1aa3b429010b3acc27485"
  },
  "name": "MAB 6167 - Mitsubishi Canter Dump Truck 6 Wheelers",
  "description": "Description: \tMitsubishi Canter Dump Truck 6 Wheelers\nCode: CLDT0013 J2773\nEngine: FE335EV-422430/4D32-753690\nAssigned to: C-ONE Rentals",
  "plateNumber": "MAB 6167",
  "department": {
    "$oid": "6747d1dbde8ede2c214fe55c"
  },
  "createdAt": "2019-01-15 18:43:20",
  "updatedAt": "2023-06-19 16:01:16",
  "status": true,
  "branch": {
    "$oid": "6747ce8535995e3cbc17b3dc"
  },
  "approvers": [
    {
      "$oid": "67a1ab2da9e77c663d11e22c"
    }
  ],
  "isAvailable": true
},
{
  "_id": {
    "$oid": "67a1aa3b429010b3acc27484"
  },
  "name": "Mitsubishi Canter Cargo",
  "description": "Dropside 4 Wheelers \nJobert Simbajon",
  "plateNumber": "FC123",
  "createdAt": "2018-11-20 22:17:08",
  "updatedAt": "2018-11-20 22:17:24",
  "status": true,
  "branch": {
    "$oid": "6747ce8535995e3cbc17b3dd"
  },
  "approvers": [],
  "isAvailable": true
},
{
  "_id": {
    "$oid": "67a1aa3b429010b3acc27483"
  },
  "name": "E-Bike",
  "description": "Joshua Quijada",
  "plateNumber": "NONE",
  "createdAt": "2018-10-14 18:19:14",
  "updatedAt": "2020-09-24 16:13:18",
  "status": true,
  "branch": {
    "$oid": "6747ce8535995e3cbc17b3dd"
  },
  "approvers": [],
  "isAvailable": true
},
{
  "_id": {
    "$oid": "67a1aa3b429010b3acc27482"
  },
  "name": "Toyota Fortuner",
  "description": "Assigned to: Jordan Canete",
  "plateNumber": "KAB 9898",
  "department": {
    "$oid": "6747d1dbde8ede2c214fe55f"
  },
  "createdAt": "2018-09-13 22:38:18",
  "updatedAt": {
    "$date": "2025-03-17T05:52:44.828Z"
  },
  "status": false,
  "branch": {
    "$oid": "6747ce8535995e3cbc17b3dc"
  },
  "approvers": [
    {
      "$oid": "67a1ab2da9e77c663d11e257"
    },
    {
      "$oid": "67a1ab2da9e77c663d11e221"
    }
  ],
  "isAvailable": true
},
{
  "_id": {
    "$oid": "67a1aa3b429010b3acc27481"
  },
  "name": "Double Cab 120108",
  "description": "Steel",
  "plateNumber": "120108",
  "createdAt": "2018-07-19 16:13:37",
  "updatedAt": "2018-07-19 16:13:37",
  "status": true,
  "branch": {
    "$oid": "6747ce8535995e3cbc17b3dd"
  },
  "approvers": [],
  "isAvailable": true
},
{
  "_id": {
    "$oid": "67a1aa3b429010b3acc27480"
  },
  "name": "Double Cab 1201-295552",
  "description": "Steel",
  "plateNumber": "1201-295552",
  "createdAt": "2018-07-17 21:47:29",
  "updatedAt": "2018-07-17 21:47:29",
  "status": true,
  "branch": {
    "$oid": "6747ce8535995e3cbc17b3dd"
  },
  "approvers": [],
  "isAvailable": true
},
{
  "_id": {
    "$oid": "67a1aa3b429010b3acc2747f"
  },
  "name": "XRM Motorcycle",
  "description": "Temporary plate: 1001-281487   MV File: 1001-00000281487 Assigned to: Evan Kween Uy / Rentals\nPlate Number 1001-281487",
  "plateNumber": "1001-281487",
  "createdAt": "2018-02-21 20:02:14",
  "updatedAt": "2019-01-03 00:37:54",
  "status": true,
  "branch": {
    "$oid": "6747ce8535995e3cbc17b3dd"
  },
  "approvers": [],
  "isAvailable": true
},
{
  "_id": {
    "$oid": "67a1aa3b429010b3acc2747e"
  },
  "name": "Hitachi Zaxis EX-200",
  "description": "Code: EX 200\nDescription: .75 CBM\nAssigned to: Evan Kween Uy / Rentals",
  "plateNumber": "CHEX-0010",
  "department": {
    "$oid": "6747d1dbde8ede2c214fe55c"
  },
  "createdAt": "2018-02-21 20:00:54",
  "updatedAt": "2023-06-19 16:16:15",
  "status": true,
  "branch": {
    "$oid": "6747ce8535995e3cbc17b3dc"
  },
  "approvers": [
    {
      "$oid": "67a1ab2da9e77c663d11e22c"
    }
  ],
  "isAvailable": true
},
{
  "_id": {
    "$oid": "67a1aa3b429010b3acc2747d"
  },
  "name": "Hitachi Excavator EX60 w/ dozer",
  "description": "Code: EX60 Hitachi\nDescription: .30CBM\nAssigned to: Evan Kween Uy / Rentals",
  "plateNumber": "CHEX-0011",
  "createdAt": "2018-02-21 19:58:58",
  "updatedAt": "2018-02-21 19:58:58",
  "status": true,
  "branch": {
    "$oid": "6747ce8535995e3cbc17b3dd"
  },
  "approvers": [],
  "isAvailable": true
},
{
  "_id": {
    "$oid": "67a1aa3b429010b3acc2747c"
  },
  "name": "Isuzu Forward Cargo Dropside w/ Boom",
  "description": "Code: CMCT0031\nDescription: 3Tons Boom capacity 5stages\nAssigned to: Evan Kween Uy / Rentals",
  "plateNumber": "MAB6000",
  "department": {
    "$oid": "6747d1dbde8ede2c214fe55c"
  },
  "createdAt": "2018-02-21 19:55:36",
  "updatedAt": "2023-06-19 16:03:11",
  "status": true,
  "branch": {
    "$oid": "6747ce8535995e3cbc17b3dc"
  },
  "approvers": [
    {
      "$oid": "67a1ab2da9e77c663d11e22c"
    }
  ],
  "isAvailable": true
},
{
  "_id": {
    "$oid": "67a1aa3b429010b3acc2747b"
  },
  "name": "MAC-7891  - Mitsubishi Canter Cargo Dropside with Boom 6 Wheelers 4x4",
  "description": "Code: CLBT0001\nDescription: 2.2 TONS Boom capacity 3stage",
  "plateNumber": "MAC-7891",
  "department": {
    "$oid": "6747d1dbde8ede2c214fe55c"
  },
  "createdAt": "2018-02-21 19:54:51",
  "updatedAt": {
    "$date": "2025-09-19T05:55:29.343Z"
  },
  "status": true,
  "branch": {
    "$oid": "6747ce8535995e3cbc17b3dc"
  },
  "approvers": [
    {
      "$oid": "67a1ab2da9e77c663d11e22c"
    }
  ],
  "isAvailable": true
},
{
  "_id": {
    "$oid": "67a1aa3b429010b3acc2747a"
  },
  "name": "CMFL-0004",
  "description": "TCM Brand New 3.5 Tons",
  "plateNumber": "CMFL-0004 ",
  "department": {
    "$oid": "6747d1dbde8ede2c214fe55c"
  },
  "createdAt": "2017-11-08 16:15:45",
  "updatedAt": {
    "$date": "2025-06-14T03:50:21.048Z"
  },
  "status": true,
  "branch": {
    "$oid": "6747ce8535995e3cbc17b3dc"
  },
  "approvers": [
    {
      "$oid": "67a1ab2da9e77c663d11e22c"
    }
  ],
  "isAvailable": true
},
{
  "_id": {
    "$oid": "67a1aa3b429010b3acc27479"
  },
  "name": "Self Loader 10 Wheelers",
  "description": "Self Loader 10 Wheelers",
  "plateNumber": "CHCT0097",
  "createdAt": "2017-09-30 23:25:43",
  "updatedAt": "2017-09-30 23:25:43",
  "status": true,
  "branch": {
    "$oid": "6747ce8535995e3cbc17b3dd"
  },
  "approvers": [],
  "isAvailable": true
},
{
  "_id": {
    "$oid": "67a1aa3b429010b3acc27478"
  },
  "name": "Forklift FL075",
  "description": "Department: Operation Support\nAssigned To: Noel Dado",
  "plateNumber": "FL075",
  "createdAt": "2017-09-15 19:37:32",
  "updatedAt": "2017-09-15 19:37:32",
  "status": true,
  "branch": {
    "$oid": "6747ce8535995e3cbc17b3dd"
  },
  "approvers": [],
  "isAvailable": true
},
{
  "_id": {
    "$oid": "67a1aa3b429010b3acc27477"
  },
  "name": "Forklift FL073",
  "description": "Department: Operation Support\nAssigned To: Noel Dado",
  "plateNumber": "FL073",
  "createdAt": "2017-09-15 19:37:21",
  "updatedAt": "2017-09-15 19:37:21",
  "status": true,
  "branch": {
    "$oid": "6747ce8535995e3cbc17b3dd"
  },
  "approvers": [],
  "isAvailable": true
},
{
  "_id": {
    "$oid": "67a1aa3b429010b3acc27476"
  },
  "name": "Forklift CLFL0006",
  "description": "Department: Operation Support\nAssigned To: Noel Dado",
  "plateNumber": "CLFL0006",
  "createdAt": "2017-09-15 19:35:37",
  "updatedAt": "2017-09-15 19:35:37",
  "status": true,
  "branch": {
    "$oid": "6747ce8535995e3cbc17b3dd"
  },
  "approvers": [],
  "isAvailable": true
},
{
  "_id": {
    "$oid": "67a1aa3b429010b3acc27475"
  },
  "name": "Forklift CLFL0005",
  "description": "Department: Operation Support\nAssigned To: Noel Dado",
  "plateNumber": "CLFL0005",
  "createdAt": "2017-09-15 19:35:16",
  "updatedAt": "2017-09-15 19:35:16",
  "status": true,
  "branch": {
    "$oid": "6747ce8535995e3cbc17b3dd"
  },
  "approvers": [],
  "isAvailable": true
},
{
  "_id": {
    "$oid": "67a1aa3b429010b3acc27474"
  },
  "name": "Trailer with Siding",
  "description": "Department: Operation Support\nAssigned To: Noel Dado",
  "plateNumber": "TR052",
  "createdAt": "2017-09-15 19:34:58",
  "updatedAt": "2017-09-16 21:10:10",
  "status": true,
  "branch": {
    "$oid": "6747ce8535995e3cbc17b3dd"
  },
  "approvers": [],
  "isAvailable": true
},
{
  "_id": {
    "$oid": "67a1aa3b429010b3acc27473"
  },
  "name": "Mazda Mini Dump",
  "description": "SAP Code: CLDT0009\nDepartment: Operation Support\nAssigned To: Noel Dado",
  "plateNumber": "JES502",
  "createdAt": "2017-09-15 19:34:20",
  "updatedAt": "2017-09-15 19:34:20",
  "status": true,
  "branch": {
    "$oid": "6747ce8535995e3cbc17b3dd"
  },
  "approvers": [],
  "isAvailable": true
},
{
  "_id": {
    "$oid": "67a1aa3b429010b3acc27472"
  },
  "name": "Truck Mounted Crane",
  "description": "Department: Operation Support\nAssigned To: Noel Dado",
  "plateNumber": "LHF391",
  "createdAt": "2017-09-15 19:33:47",
  "updatedAt": "2017-09-15 19:33:47",
  "status": true,
  "branch": {
    "$oid": "6747ce8535995e3cbc17b3dd"
  },
  "approvers": [],
  "isAvailable": true
},
{
  "_id": {
    "$oid": "67a1aa3b429010b3acc27471"
  },
  "name": "Nissan Cargo",
  "description": "SAP Code: FACTE0010\nDepartment: Operation Support\nAssigned To: Noel Dado",
  "plateNumber": "KCT584",
  "createdAt": "2017-09-15 19:32:22",
  "updatedAt": "2017-09-15 19:32:22",
  "status": true,
  "branch": {
    "$oid": "6747ce8535995e3cbc17b3dd"
  },
  "approvers": [],
  "isAvailable": true
},
{
  "_id": {
    "$oid": "67a1aa3b429010b3acc27470"
  },
  "name": "Tractor Head",
  "description": "SAP Code: CHTH0001\nDepartment: After Sales\n",
  "plateNumber": "JEH837",
  "createdAt": "2017-09-15 19:31:42",
  "updatedAt": "2021-08-11 22:30:57",
  "status": true,
  "branch": {
    "$oid": "6747ce8535995e3cbc17b3dd"
  },
  "approvers": [],
  "isAvailable": true
},
{
  "_id": {
    "$oid": "67a1aa3b429010b3acc2746f"
  },
  "name": "Flatbed Trailer with Triple Axle",
  "description": "Description: Length 37 feet, Width 9 Feet, Height 5.3 feet Max Load 50 tons.\nDepartment: Operation Support\nAssigned To: Noel Dado",
  "plateNumber": "KUB-313",
  "department": {
    "$oid": "6747d1dbde8ede2c214fe55c"
  },
  "createdAt": "2017-09-15 19:30:44",
  "updatedAt": "2023-06-19 16:20:42",
  "status": true,
  "branch": {
    "$oid": "6747ce8535995e3cbc17b3dc"
  },
  "approvers": [
    {
      "$oid": "67a1ab2da9e77c663d11e22c"
    }
  ],
  "isAvailable": true
},
{
  "_id": {
    "$oid": "67a1aa3b429010b3acc2746e"
  },
  "name": "Skeleton Trailer KUA-368",
  "description": "Department: Operation Support\nAssigned To: Noel Dado",
  "plateNumber": "KUA-368",
  "createdAt": "2017-09-15 19:30:13",
  "updatedAt": "2017-09-16 21:05:46",
  "status": true,
  "branch": {
    "$oid": "6747ce8535995e3cbc17b3dd"
  },
  "approvers": [],
  "isAvailable": true
},
{
  "_id": {
    "$oid": "67a1aa3b429010b3acc2746d"
  },
  "name": "Skeleton Trailer GUC-487",
  "description": "Department: Operation Support\nAssigned To: Noel Dado",
  "plateNumber": "GUC-487",
  "createdAt": "2017-09-15 19:29:26",
  "updatedAt": "2017-09-16 21:05:39",
  "status": true,
  "branch": {
    "$oid": "6747ce8535995e3cbc17b3dd"
  },
  "approvers": [],
  "isAvailable": true
},
{
  "_id": {
    "$oid": "67a1aa3b429010b3acc2746c"
  },
  "name": "Skeleton Trailer GUE-487",
  "description": "Department: Operation Support\nAssigned To: Noel Dado",
  "plateNumber": "GUE-487",
  "createdAt": "2017-09-15 19:29:03",
  "updatedAt": "2017-09-16 21:05:30",
  "status": true,
  "branch": {
    "$oid": "6747ce8535995e3cbc17b3dd"
  },
  "approvers": [],
  "isAvailable": true
},
{
  "_id": {
    "$oid": "67a1aa3b429010b3acc2746b"
  },
  "name": "JEH-837 - Prime Mover",
  "description": "Prime Mover",
  "plateNumber": "JEH-837",
  "department": {
    "$oid": "6747d1dbde8ede2c214fe5c4"
  },
  "createdAt": "2017-09-11 00:19:27",
  "updatedAt": "2023-06-07 17:04:59",
  "status": true,
  "branch": {
    "$oid": "6747ce8535995e3cbc17b3dc"
  },
  "approvers": [
    {
      "$oid": "67a1ab2da9e77c663d11e22c"
    }
  ],
  "isAvailable": true
},
{
  "_id": {
    "$oid": "67a1aa3b429010b3acc2746a"
  },
  "name": "Fuso Self- Loader 10W",
  "description": "Fuso Self- Loader 10W temp",
  "plateNumber": "120110 (2)",
  "createdAt": "2017-09-08 22:04:34",
  "updatedAt": "2017-09-08 22:04:34",
  "status": true,
  "branch": {
    "$oid": "6747ce8535995e3cbc17b3dd"
  },
  "approvers": [],
  "isAvailable": true
},
{
  "_id": {
    "$oid": "67a1aa3b429010b3acc27469"
  },
  "name": "JEU-721 - MITSUBISHI CANTER CARGO DROPSIDE",
  "description": "Description: MITSUBISHI CANTER CARGO DROPSIDE ELF CANTER\nCode: CLCT0017 = FA-CNRE-0069 = J2319\nEngine: 4M50-B76472/ FE70DB-512160\nAssigned To: C-ONE Rentals\n",
  "plateNumber": "JEU-721",
  "department": {
    "$oid": "6747d1dbde8ede2c214fe5c4"
  },
  "createdAt": "2017-09-08 17:50:46",
  "updatedAt": "2023-06-07 17:04:39",
  "status": true,
  "branch": {
    "$oid": "6747ce8535995e3cbc17b3dc"
  },
  "approvers": [
    {
      "$oid": "67a1ab2da9e77c663d11e22c"
    }
  ],
  "isAvailable": true
},
{
  "_id": {
    "$oid": "67a1aa3b429010b3acc27468"
  },
  "name": "ABV-4512 - Mitsubishi Canter Double Cab",
  "description": "Assigned to Rentals Department\nIsuzu Double Cab",
  "plateNumber": "ABV-4512",
  "department": {
    "$oid": "6747d1dbde8ede2c214fe55c"
  },
  "createdAt": "2017-08-31 18:28:29",
  "updatedAt": {
    "$date": "2025-09-25T05:17:37.220Z"
  },
  "status": true,
  "branch": {
    "$oid": "6747ce8535995e3cbc17b3dc"
  },
  "approvers": [
    {
      "$oid": "67a1ab2da9e77c663d11e22c"
    }
  ],
  "isAvailable": false
},
{
  "_id": {
    "$oid": "67a1aa3b429010b3acc27467"
  },
  "name": "XRM",
  "description": "XRM\nAssigned to: Stockroom",
  "plateNumber": "KB3595",
  "department": {
    "$oid": "6747d1dbde8ede2c214fe567"
  },
  "createdAt": "2017-08-30 16:45:46",
  "updatedAt": "2024-01-23 02:03:46",
  "status": true,
  "branch": {
    "$oid": "6747ce8535995e3cbc17b3dc"
  },
  "approvers": [
    {
      "$oid": "67a1ab2da9e77c663d11e1ea"
    },
    {
      "$oid": "67a1ab2da9e77c663d11e1de"
    }
  ],
  "isAvailable": true
},
{
  "_id": {
    "$oid": "67a1aa3b429010b3acc27466"
  },
  "name": "JEB-955 - Isuzu elf Cargo",
  "description": "Description: Isuzu elf Cargo\nAssigned to: After Sales",
  "plateNumber": "JEB-955",
  "department": {
    "$oid": "6747d1dbde8ede2c214fe5c4"
  },
  "createdAt": "2017-08-28 22:48:30",
  "updatedAt": {
    "$date": "2025-09-25T03:11:21.756Z"
  },
  "status": true,
  "branch": {
    "$oid": "6747ce8535995e3cbc17b3dc"
  },
  "approvers": [
    {
      "$oid": "67a1ab2da9e77c663d11e275"
    },
    {
      "$oid": "67a1ab2da9e77c663d11e22c"
    }
  ],
  "isAvailable": false
},
{
  "_id": {
    "$oid": "67a1aa3b429010b3acc27465"
  },
  "name": "MAA 5958 - Isuzu forward w/ Boom",
  "description": "Description: Isuzu forward w/ Boom\nAssigned to: After Sales",
  "plateNumber": "MAA5958",
  "department": {
    "$oid": "6747d1dbde8ede2c214fe5c4"
  },
  "createdAt": "2017-08-28 22:47:05",
  "updatedAt": {
    "$date": "2025-09-23T15:16:59.709Z"
  },
  "status": true,
  "branch": {
    "$oid": "6747ce8535995e3cbc17b3dc"
  },
  "approvers": [
    {
      "$oid": "67a1ab2da9e77c663d11e275"
    },
    {
      "$oid": "67a1ab2da9e77c663d11e22c"
    }
  ],
  "isAvailable": false
},
{
  "_id": {
    "$oid": "67a1aa3b429010b3acc27464"
  },
  "name": "CDO Low Bed Double Axel GUC-607",
  "description": "Japan Code: CHT0002\nModel: \nAsset Details: \nDescription:",
  "plateNumber": "GUC-607",
  "department": {
    "$oid": "6747d1dbde8ede2c214fe560"
  },
  "createdAt": "2017-08-28 16:43:36",
  "updatedAt": "2023-10-26 09:33:01",
  "status": true,
  "branch": {
    "$oid": "6747ce8535995e3cbc17b3dd"
  },
  "approvers": [
    {
      "$oid": "67a1ab2da9e77c663d11e22c"
    }
  ],
  "isAvailable": true
},
{
  "_id": {
    "$oid": "67a1aa3b429010b3acc27463"
  },
  "name": "DVO Trailer 20ft LUE-217",
  "description": "Japan Code: \nModel: \nAsset Details: \nDescription: ",
  "plateNumber": "LUE-217",
  "createdAt": "2017-08-28 16:43:06",
  "updatedAt": "2017-08-28 16:43:14",
  "status": true,
  "branch": {
    "$oid": "6747ce8535995e3cbc17b3dd"
  },
  "approvers": [],
  "isAvailable": true
},
{
  "_id": {
    "$oid": "67a1aa3b429010b3acc27462"
  },
  "name": "KZA-512 - Low Bed Double Axel",
  "description": "Japan Code: \nModel: \nAsset Details: \nDescription: Length 19 feet, Width 10 Feet, Height 4 feet. Max Load 25 tons",
  "plateNumber": "KZA-512",
  "department": {
    "$oid": "6747d1dbde8ede2c214fe560"
  },
  "createdAt": "2017-08-28 16:40:09",
  "updatedAt": "2023-06-07 17:04:00",
  "status": true,
  "branch": {
    "$oid": "6747ce8535995e3cbc17b3dc"
  },
  "approvers": [
    {
      "$oid": "67a1ab2da9e77c663d11e22c"
    }
  ],
  "isAvailable": true
},
{
  "_id": {
    "$oid": "67a1aa3b429010b3acc27461"
  },
  "name": "Backhoe CHEX-0009",
  "description": "Japan Code: \nModel: Hitachi Excavator\nAsset Details: \nDescription: .60 CBM ",
  "plateNumber": "CHEX-0009",
  "createdAt": "2017-08-28 16:39:33",
  "updatedAt": "2017-08-28 16:39:33",
  "status": true,
  "branch": {
    "$oid": "6747ce8535995e3cbc17b3dd"
  },
  "approvers": [],
  "isAvailable": true
},
{
  "_id": {
    "$oid": "67a1aa3b429010b3acc27460"
  },
  "name": "Backhoe EX-295",
  "description": "Japan Code: EX-295\nModel: Hitachi Mini Excavator\nAsset Details: \nDescription: .35/.40 CBM",
  "plateNumber": "EX-295",
  "department": {
    "$oid": "6747d1dbde8ede2c214fe560"
  },
  "createdAt": "2017-08-28 16:39:13",
  "updatedAt": "2023-10-26 09:32:47",
  "status": true,
  "branch": {
    "$oid": "6747ce8535995e3cbc17b3dc"
  },
  "approvers": [],
  "isAvailable": true
},
{
  "_id": {
    "$oid": "67a1aa3b429010b3acc2745f"
  },
  "name": "Backhoe EX-255",
  "description": "Japan Code: EX-255\nModel: Mitsubishi Excavator w/ dozer\nAsset Details: \nDescription: .08 CBM",
  "plateNumber": "EX-255",
  "createdAt": "2017-08-28 16:38:44",
  "updatedAt": "2017-08-28 16:38:44",
  "status": true,
  "branch": {
    "$oid": "6747ce8535995e3cbc17b3dd"
  },
  "approvers": [],
  "isAvailable": true
},
{
  "_id": {
    "$oid": "67a1aa3b429010b3acc2745e"
  },
  "name": "Forklift FL-075",
  "description": "Japan Code: FL-075\nModel: FL075\nAsset Details: \nDescription: 10 tons",
  "plateNumber": "FL-075",
  "createdAt": "2017-08-28 16:38:08",
  "updatedAt": "2017-08-28 16:38:08",
  "status": true,
  "branch": {
    "$oid": "6747ce8535995e3cbc17b3dd"
  },
  "approvers": [],
  "isAvailable": true
},
{
  "_id": {
    "$oid": "67a1aa3b429010b3acc2745d"
  },
  "name": "Forklift FL-054",
  "description": "Japan Code: FL-054\nModel: TCM Forklift TCM50 6BB1 ISUZU\nAsset Details: \nDescription: 5 tons",
  "plateNumber": "FL-054",
  "createdAt": "2017-08-28 16:37:48",
  "updatedAt": "2017-08-28 16:37:48",
  "status": true,
  "branch": {
    "$oid": "6747ce8535995e3cbc17b3dd"
  },
  "approvers": [],
  "isAvailable": true
},
{
  "_id": {
    "$oid": "67a1aa3b429010b3acc2745c"
  },
  "name": "Forklift FL-055",
  "description": "Japan Code: FL-051\nModel: Komatsu Forklift FD35H\nAsset Details: \nDescription: 3.5 tons",
  "plateNumber": "FL-055",
  "createdAt": "2017-08-28 16:36:59",
  "updatedAt": "2017-08-28 16:36:59",
  "status": true,
  "branch": {
    "$oid": "6747ce8535995e3cbc17b3dd"
  },
  "approvers": [],
  "isAvailable": true
},
{
  "_id": {
    "$oid": "67a1aa3b429010b3acc2745b"
  },
  "name": "Hand Roller RR-097",
  "description": "Japan Code: RR-097\nModel: Sakai Hand Roller (KUBOTA), Y\nAsset Details: \nDescription: ",
  "plateNumber": "RR-097",
  "createdAt": "2017-08-28 16:36:04",
  "updatedAt": "2023-06-19 16:07:54",
  "status": true,
  "branch": {
    "$oid": "6747ce8535995e3cbc17b3dc"
  },
  "approvers": [
    {
      "$oid": "67a1ab2da9e77c663d11e22c"
    }
  ],
  "isAvailable": true
},
{
  "_id": {
    "$oid": "67a1aa3b429010b3acc2745a"
  },
  "name": "Hand Roller RR-095",
  "description": "Japan Code: RR-095\nModel: Bomag Hand Roller; YB\nAsset Details: \nDescription: ",
  "plateNumber": "RR-095",
  "createdAt": "2017-08-28 16:35:44",
  "updatedAt": "2017-08-28 16:35:44",
  "status": true,
  "branch": {
    "$oid": "6747ce8535995e3cbc17b3dd"
  },
  "approvers": [],
  "isAvailable": true
},
{
  "_id": {
    "$oid": "67a1aa3b429010b3acc27459"
  },
  "name": "MAB 6078 - Boomtruck",
  "description": "Japan Code: CMCT-0030\nModel: Isuzu Forward Cargo Dropside w/ Boom\nAsset Details: \nDescription: 2.5 TONS Boom Capacity; 3stage",
  "plateNumber": "MAB 6078",
  "department": {
    "$oid": "6747d1dbde8ede2c214fe560"
  },
  "createdAt": "2017-08-28 16:34:40",
  "updatedAt": "2023-06-07 17:03:39",
  "status": true,
  "branch": {
    "$oid": "6747ce8535995e3cbc17b3dc"
  },
  "approvers": [
    {
      "$oid": "67a1ab2da9e77c663d11e22c"
    }
  ],
  "isAvailable": true
},
{
  "_id": {
    "$oid": "67a1aa3b429010b3acc27458"
  },
  "name": "KVZ-696 Boomtruck",
  "description": "Japan Code: \nModel: Nissan Diesel\nAsset Details: \nDescription: 2.5 TONS Boom Capacity; 3stage",
  "plateNumber": "KVZ-696",
  "department": {
    "$oid": "6747d1dbde8ede2c214fe560"
  },
  "createdAt": "2017-08-28 16:34:18",
  "updatedAt": "2023-06-07 17:03:17",
  "status": true,
  "branch": {
    "$oid": "6747ce8535995e3cbc17b3dc"
  },
  "approvers": [
    {
      "$oid": "67a1ab2da9e77c663d11e22c"
    }
  ],
  "isAvailable": true
},
{
  "_id": {
    "$oid": "67a1aa3b429010b3acc27457"
  },
  "name": "LHC-708 - Fighter Selfloader 6W",
  "description": "Japan Code: FF-104\nModel: Mitsubishi Fighter Self Loader\nAsset Details: FK618K-500057/6D17\nDescription: 5 tons; 6W, blue",
  "plateNumber": "LHC-708",
  "department": {
    "$oid": "6747d1dbde8ede2c214fe560"
  },
  "createdAt": "2017-08-28 16:33:14",
  "updatedAt": {
    "$date": "2025-09-17T02:31:25.836Z"
  },
  "status": true,
  "branch": {
    "$oid": "6747ce8535995e3cbc17b3dc"
  },
  "approvers": [
    {
      "$oid": "67a1ab2da9e77c663d11e22c"
    }
  ],
  "isAvailable": true
},
{
  "_id": {
    "$oid": "67a1aa3b429010b3acc27456"
  },
  "name": "KVZ-646 - Selfloader 10W w/ Boom",
  "description": "Japan Code: CT-551\nDriver: Martin Dechos\nModel: Mitsubishi Fuso Self-loader Truck\nAsset Details: FV419R-530013/8DC11-352457\nDescription: 10 tons; 10W, YB",
  "plateNumber": "KVZ-646",
  "department": {
    "$oid": "6747d1dbde8ede2c214fe560"
  },
  "createdAt": "2017-08-28 16:32:36",
  "updatedAt": {
    "$date": "2025-09-24T07:36:57.186Z"
  },
  "status": true,
  "branch": {
    "$oid": "6747ce8535995e3cbc17b3dc"
  },
  "approvers": [
    {
      "$oid": "67a1ab2da9e77c663d11e22c"
    }
  ],
  "isAvailable": false
},
{
  "_id": {
    "$oid": "67a1aa3b429010b3acc27455"
  },
  "name": "Elf Dry Van",
  "description": "Japan Code: FC-105\nModel: Mitsubishi Canter Van Truck\nAsset Details: \nDescription: 4W",
  "plateNumber": "KGC-426",
  "createdAt": "2017-08-28 16:31:25",
  "updatedAt": "2017-08-28 16:31:25",
  "status": true,
  "branch": {
    "$oid": "6747ce8535995e3cbc17b3dd"
  },
  "approvers": [],
  "isAvailable": true
},
{
  "_id": {
    "$oid": "67a1aa3b429010b3acc27454"
  },
  "name": "Forward Dry Van",
  "description": "Japan Code: IF-090\nModel: Isuzu Forward (Juston) Van Truck)\nAsset Details: NRR33H4-3000113/6HH1-251232\nDescription: 6W",
  "plateNumber": "KWA-428",
  "department": {
    "$oid": "6747d1dbde8ede2c214fe55c"
  },
  "createdAt": "2017-08-28 16:31:01",
  "updatedAt": "2023-06-19 15:57:51",
  "status": true,
  "branch": {
    "$oid": "6747ce8535995e3cbc17b3dc"
  },
  "approvers": [
    {
      "$oid": "67a1ab2da9e77c663d11e22c"
    }
  ],
  "isAvailable": true
},
{
  "_id": {
    "$oid": "67a1aa3b429010b3acc27453"
  },
  "name": "KVZ-658 - Dump Truck",
  "description": "Japan Code: DT-441\nModel: Mitsubishi Fuso Dump Truck\nAsset Details: \nDescription: 10W; 14 cubic",
  "plateNumber": "KVZ-658",
  "department": {
    "$oid": "6747d1dbde8ede2c214fe560"
  },
  "createdAt": "2017-08-28 16:29:59",
  "updatedAt": "2023-06-07 17:02:40",
  "status": true,
  "branch": {
    "$oid": "6747ce8535995e3cbc17b3dc"
  },
  "approvers": [
    {
      "$oid": "67a1ab2da9e77c663d11e22c"
    }
  ],
  "isAvailable": true
},
{
  "_id": {
    "$oid": "67a1aa3b429010b3acc27452"
  },
  "name": "KVZ-689 - Prime Mover",
  "description": "Japan Code: PM-060\nModel: Mitsubishi Fuso Tractor Head\nAsset Details: FV415J / 8DC9\nDescription: 10W",
  "plateNumber": "KVZ-689",
  "department": {
    "$oid": "6747d1dbde8ede2c214fe5c4"
  },
  "createdAt": "2017-08-28 16:27:20",
  "updatedAt": "2023-06-07 17:01:59",
  "status": true,
  "branch": {
    "$oid": "6747ce8535995e3cbc17b3dc"
  },
  "approvers": [
    {
      "$oid": "67a1ab2da9e77c663d11e22c"
    }
  ],
  "isAvailable": true
},
{
  "_id": {
    "$oid": "67a1aa3b429010b3acc27451"
  },
  "name": "KWA-432 - Prime Mover",
  "description": "Japan Code: PM-055\nModel: Mitsubishi Fuso Tractor Head\nAsset Details: FV415JR / 8DC9\nDescription: 10W\n",
  "plateNumber": "KWA-432",
  "department": {
    "$oid": "6747d1dbde8ede2c214fe55c"
  },
  "createdAt": "2017-08-28 16:26:31",
  "updatedAt": "2023-06-07 16:59:31",
  "status": true,
  "branch": {
    "$oid": "6747ce8535995e3cbc17b3dc"
  },
  "approvers": [
    {
      "$oid": "67a1ab2da9e77c663d11e22c"
    }
  ],
  "isAvailable": true
},
{
  "_id": {
    "$oid": "67a1aa3b429010b3acc27450"
  },
  "name": "FACTE 0034 - Isuzu Elf Double Cab Cargo Dropside",
  "description": "SAP Code: FA-CTE-0034 \nDepartment: Stockroom \nTo: Arnel Cemacio",
  "plateNumber": "090110",
  "department": {
    "$oid": "6747d1dbde8ede2c214fe567"
  },
  "createdAt": "2017-08-18 21:47:54",
  "updatedAt": {
    "$date": "2025-10-02T06:06:15.967Z"
  },
  "status": true,
  "branch": {
    "$oid": "6747ce8535995e3cbc17b3dc"
  },
  "approvers": [
    {
      "$oid": "67a1ab2da9e77c663d11e1e5"
    },
    {
      "$oid": "67a1ab2da9e77c663d11e1ea"
    }
  ],
  "isAvailable": false
},
{
  "_id": {
    "$oid": "67a1aa3b429010b3acc2744f"
  },
  "name": "MGA-143 Isuzu Elf Cargo Dropside 6 Wheelers",
  "description": "SAP Code: FA-CTE-0031\nDepartment: Trucking\nAssigned To: None",
  "plateNumber": "MGA-143",
  "department": {
    "$oid": "6747d1dbde8ede2c214fe5c2"
  },
  "createdAt": "2017-08-18 21:34:44",
  "updatedAt": {
    "$date": "2025-09-24T07:55:49.064Z"
  },
  "status": true,
  "branch": {
    "$oid": "6747ce8535995e3cbc17b3dd"
  },
  "approvers": [
    {
      "$oid": "67a1ab2da9e77c663d11e275"
    },
    {
      "$oid": "67a1ab2da9e77c663d11e1e1"
    },
    {
      "$oid": "67a1ab2da9e77c663d11e1e0"
    },
    {
      "$oid": "67a1ab2da9e77c663d11e228"
    },
    {
      "$oid": "67a1ab2da9e77c663d11e237"
    },
    {
      "$oid": "67a1ab2da9e77c663d11e281"
    }
  ],
  "isAvailable": true
},
{
  "_id": {
    "$oid": "67a1aa3b429010b3acc2744e"
  },
  "name": "AAG-2510 - KIA K2700 Cargo Dropside",
  "description": "SAP CODE : FA-CTE-0028\nUnit Description : KIA K2700 Cargo Dropside\nPlate Number : AAG-2510\nAssigned to : Norman Ray Sumaylo (After Sales Services)",
  "plateNumber": "AAG-2510",
  "department": {
    "$oid": "6747d1dbde8ede2c214fe5c4"
  },
  "createdAt": "2017-08-18 21:31:54",
  "updatedAt": {
    "$date": "2025-09-23T08:09:54.280Z"
  },
  "status": true,
  "branch": {
    "$oid": "6747ce8535995e3cbc17b3dc"
  },
  "approvers": [
    {
      "$oid": "67a1ab2da9e77c663d11e208"
    },
    {
      "$oid": "67a1ab2da9e77c663d11e22c"
    },
    {
      "$oid": "67a1ab2da9e77c663d11e228"
    },
    {
      "$oid": "67a1ab2da9e77c663d11e1e0"
    },
    {
      "$oid": "67a1ab2da9e77c663d11e237"
    },
    {
      "$oid": "67a1ab2da9e77c663d11e281"
    }
  ],
  "isAvailable": false
},
{
  "_id": {
    "$oid": "67a1aa3b429010b3acc2744d"
  },
  "name": "KC-52683 - Honda XRM",
  "description": "SAP Code: FA-CTE-0024\nDepartment: Liaison\nAssigned To: Dennis Daiz\nColor: Blue",
  "plateNumber": "KC-52683",
  "department": {
    "$oid": "6747d1dbde8ede2c214fe55a"
  },
  "createdAt": "2017-08-18 21:27:06",
  "updatedAt": {
    "$date": "2025-10-02T06:09:47.944Z"
  },
  "status": true,
  "branch": {
    "$oid": "6747ce8535995e3cbc17b3dd"
  },
  "approvers": [
    {
      "$oid": "67a1ab2da9e77c663d11e1ea"
    },
    {
      "$oid": "67a1ab2da9e77c663d11e1e5"
    },
    {
      "$oid": "67a1ab2da9e77c663d11e1e0"
    },
    {
      "$oid": "67a1ab2da9e77c663d11e1de"
    },
    {
      "$oid": "67a1ab2da9e77c663d11e1ef"
    }
  ],
  "isAvailable": true
},
{
  "_id": {
    "$oid": "67a1aa3b429010b3acc2744c"
  },
  "name": "WQW-357 - Mitsubishi Canter Double Cab Cargo Dropside",
  "description": "SAP Code: FA-CTE-0023\nDepartment: Stockroom\nAssigned To: Rodilo Bonilla",
  "plateNumber": "WQW-357",
  "department": {
    "$oid": "6747d1dbde8ede2c214fe567"
  },
  "createdAt": "2017-08-18 21:26:16",
  "updatedAt": "2023-06-07 16:45:55",
  "status": true,
  "branch": {
    "$oid": "6747ce8535995e3cbc17b3dc"
  },
  "approvers": [
    {
      "$oid": "67a1ab2da9e77c663d11e1ea"
    },
    {
      "$oid": "67a1ab2da9e77c663d11e1f6"
    }
  ],
  "isAvailable": true
},
{
  "_id": {
    "$oid": "67a1aa3b429010b3acc2744b"
  },
  "name": "1989KU - Honda XRM Motorcycle",
  "description": "SAP Code: FA-CTE-0022\nDepartment: Security\nAssigned To: Rodilo Bonilla\n",
  "plateNumber": "1989KU",
  "department": {
    "$oid": "6747d1dbde8ede2c214fe552"
  },
  "createdAt": "2017-08-18 21:25:23",
  "updatedAt": "2023-06-07 16:46:53",
  "status": true,
  "branch": {
    "$oid": "6747ce8535995e3cbc17b3dc"
  },
  "approvers": [
    {
      "$oid": "67a1ab2da9e77c663d11e1f5"
    },
    {
      "$oid": "67a1ab2da9e77c663d11e257"
    }
  ],
  "isAvailable": true
},
{
  "_id": {
    "$oid": "67a1aa3b429010b3acc2744a"
  },
  "name": "1991 KU - Honda XRM Motorcycle",
  "description": "SAP Code: FA-CTE-0021\nDepartment: Head Office\nAssigned To: Philip Sabud\nColor: Red ",
  "plateNumber": "1991KU",
  "department": {
    "$oid": "6747d1dbde8ede2c214fe55a"
  },
  "createdAt": "2017-08-18 21:24:30",
  "updatedAt": {
    "$date": "2025-09-25T04:33:09.705Z"
  },
  "status": true,
  "branch": {
    "$oid": "6747ce8535995e3cbc17b3dc"
  },
  "approvers": [
    {
      "$oid": "67a1ab2da9e77c663d11e231"
    },
    {
      "$oid": "67a1ab2da9e77c663d11e244"
    }
  ],
  "isAvailable": false
},
{
  "_id": {
    "$oid": "67a1aa3b429010b3acc27449"
  },
  "name": "KUA377 - High Bed Trailer",
  "description": "SAP Code: FA-CTE-0013\nDepartment: Operation Support\nAssigned To: None",
  "plateNumber": "KUA377",
  "createdAt": "2017-08-18 20:07:03",
  "updatedAt": {
    "$date": "2025-03-22T05:33:27.601Z"
  },
  "status": true,
  "branch": {
    "$oid": "6747ce8535995e3cbc17b3dc"
  },
  "approvers": [
    {
      "$oid": "67a1ab2da9e77c663d11e22c"
    },
    {
      "$oid": "67a1ab2da9e77c663d11e1e1"
    },
    {
      "$oid": "67a1ab2da9e77c663d11e288"
    }
  ],
  "isAvailable": true
}]