[{
  "_id": {
    "$oid": "69293d121bd86b3f9be3a690"
  },
  "orderNumber": "2826",
  "customerName": "Ed c one",
  "orderSlipURL": "https://drive.google.com/uc?export=view&id=1TFZNrio-cKQOijRkBG3dgWm_BDMnzDc-",
  "amountToBePaid": 532,
  "orderStatuses": [
    {
      "status": "RECEIVED",
      "date": {
        "$date": "2025-11-28T06:08:57.579Z"
      },
      "by": {
        "$oid": "68eca1c76c287efacde4d8d9"
      }
    },
    {
      "status": "READY_TO_PAY",
      "date": {
        "$date": "2025-11-28T06:11:55.510Z"
      },
      "by": {
        "$oid": "68eca1c76c287efacde4d8d9"
      }
    }
  ],
  "paymentStatuses": [
    {
      "status": "UNPAID",
      "date": {
        "$date": "2025-11-28T06:11:30.725Z"
      },
      "by": {
        "$oid": "68eca1c76c287efacde4d8d9"
      }
    }
  ],
  "createdAt": {
    "$date": "2025-11-28T06:11:30.733Z"
  },
  "updatedAt": {
    "$date": "2025-12-01T08:57:29.245Z"
  },
  "__v": 1,
  "addedToPOS": "ADDED",
  "comments": []
},
{
  "_id": {
    "$oid": "69293dc81bd86b3f9be3a6b0"
  },
  "orderNumber": "2827",
  "customerName": "Maagad",
  "orderSlipURL": "https://drive.google.com/uc?export=view&id=1yjQijDb1PjX6Q2VaiOK2eCa-gTESpwMn",
  "amountToBePaid": 224,
  "orderStatuses": [
    {
      "status": "RECEIVED",
      "date": {
        "$date": "2025-11-28T06:08:57.579Z"
      },
      "by": {
        "$oid": "68eca1c76c287efacde4d8d9"
      }
    },
    {
      "status": "READY_TO_PAY",
      "date": {
        "$date": "2025-11-28T06:15:04.710Z"
      },
      "by": {
        "$oid": "68eca1c76c287efacde4d8d9"
      }
    }
  ],
  "paymentStatuses": [
    {
      "status": "UNPAID",
      "date": {
        "$date": "2025-11-28T06:14:32.000Z"
      },
      "by": {
        "$oid": "68eca1c76c287efacde4d8d9"
      }
    }
  ],
  "createdAt": {
    "$date": "2025-11-28T06:14:32.003Z"
  },
  "updatedAt": {
    "$date": "2025-12-01T08:57:53.992Z"
  },
  "__v": 1,
  "addedToPOS": "ADDED",
  "comments": []
},
{
  "_id": {
    "$oid": "692a4e089b9cbaeaf59dff72"
  },
  "orderNumber": "2828",
  "customerName": "Teacher Emmie",
  "orderSlipURL": "https://drive.google.com/uc?export=view&id=1gn33StX0wElnvYyZq1C1o9_jtNEfE3D3",
  "amountToBePaid": 694,
  "orderStatuses": [
    {
      "status": "RECEIVED",
      "date": {
        "$date": "2025-11-29T01:34:50.514Z"
      },
      "by": {
        "$oid": "68eca1c76c287efacde4d8d9"
      }
    },
    {
      "status": "READY_TO_PAY",
      "date": {
        "$date": "2025-11-29T01:36:53.452Z"
      },
      "by": {
        "$oid": "68eca1c76c287efacde4d8d9"
      }
    }
  ],
  "paymentStatuses": [
    {
      "status": "UNPAID",
      "date": {
        "$date": "2025-11-29T01:36:08.008Z"
      },
      "by": {
        "$oid": "68eca1c76c287efacde4d8d9"
      }
    }
  ],
  "createdAt": {
    "$date": "2025-11-29T01:36:08.019Z"
  },
  "updatedAt": {
    "$date": "2025-12-01T08:13:20.108Z"
  },
  "__v": 1,
  "addedToPOS": "ADDED",
  "comments": []
},
{
  "_id": {
    "$oid": "692a748cbe64bb494a4d6871"
  },
  "orderNumber": "2829",
  "customerName": "Jkc",
  "orderSlipURL": "https://drive.google.com/uc?export=view&id=16wzqa7J94zbc1KsSSE1vpVyDELYSv8DU",
  "amountToBePaid": 626,
  "orderStatuses": [
    {
      "status": "RECEIVED",
      "date": {
        "$date": "2025-11-29T01:37:22.780Z"
      },
      "by": {
        "$oid": "68eca1c76c287efacde4d8d9"
      }
    },
    {
      "status": "READY_TO_PAY",
      "date": {
        "$date": "2025-11-29T04:21:53.908Z"
      },
      "by": {
        "$oid": "68eca1c76c287efacde4d8d9"
      }
    }
  ],
  "paymentStatuses": [
    {
      "status": "UNPAID",
      "date": {
        "$date": "2025-11-29T04:20:28.098Z"
      },
      "by": {
        "$oid": "68eca1c76c287efacde4d8d9"
      }
    }
  ],
  "createdAt": {
    "$date": "2025-11-29T04:20:28.109Z"
  },
  "updatedAt": {
    "$date": "2025-12-01T08:58:14.293Z"
  },
  "__v": 1,
  "addedToPOS": "ADDED",
  "comments": []
},
{
  "_id": {
    "$oid": "692bb44c6444b7374608759a"
  },
  "orderNumber": "2830",
  "customerName": "Snooky laundry",
  "orderSlipURL": "https://drive.google.com/uc?export=view&id=1A-iYPaqldCl1RCjzfdlvW6RxUBlGT2M2",
  "amountToBePaid": 280,
  "orderStatuses": [
    {
      "status": "RECEIVED",
      "date": {
        "$date": "2025-11-30T03:02:00.000Z"
      },
      "by": {
        "$oid": "68eca1c76c287efacde4d8d9"
      }
    },
    {
      "status": "READY_TO_PAY",
      "date": {
        "$date": "2025-12-01T10:09:40.958Z"
      },
      "by": {
        "$oid": "68eca1c76c287efacde4d8d9"
      }
    }
  ],
  "paymentStatuses": [
    {
      "status": "UNPAID",
      "date": {
        "$date": "2025-11-30T03:04:44.812Z"
      },
      "by": {
        "$oid": "68eca1c76c287efacde4d8d9"
      }
    }
  ],
  "createdAt": {
    "$date": "2025-11-30T03:04:44.823Z"
  },
  "updatedAt": {
    "$date": "2025-12-01T10:09:40.959Z"
  },
  "__v": 1,
  "addedToPOS": "ADDED",
  "comments": []
},
{
  "_id": {
    "$oid": "692bdef25264b8e265b491d3"
  },
  "orderNumber": "2831",
  "customerName": "Erika",
  "orderSlipURL": "https://drive.google.com/uc?export=view&id=1IUV8y5f65FQvV2z4qRnNWE8heFF43uRy",
  "amountToBePaid": 510,
  "orderStatuses": [
    {
      "status": "RECEIVED",
      "date": {
        "$date": "2025-11-30T06:05:00.000Z"
      },
      "by": {
        "$oid": "68eca1c76c287efacde4d8d9"
      }
    },
    {
      "status": "READY_TO_PAY",
      "date": {
        "$date": "2025-12-01T10:09:31.134Z"
      },
      "by": {
        "$oid": "68eca1c76c287efacde4d8d9"
      }
    }
  ],
  "paymentStatuses": [
    {
      "status": "UNPAID",
      "date": {
        "$date": "2025-11-30T06:06:42.243Z"
      },
      "by": {
        "$oid": "68eca1c76c287efacde4d8d9"
      }
    }
  ],
  "createdAt": {
    "$date": "2025-11-30T06:06:42.247Z"
  },
  "updatedAt": {
    "$date": "2025-12-01T10:09:31.135Z"
  },
  "__v": 1,
  "addedToPOS": "ADDED",
  "comments": []
},
{
  "_id": {
    "$oid": "692bebab64c02ae1a702317e"
  },
  "orderNumber": "2832",
  "customerName": "Shaula Anak",
  "orderSlipURL": "https://drive.google.com/uc?export=view&id=1fqbbai5DjfTo13x2us-z9e_gXSYqiWBP",
  "amountToBePaid": 280,
  "orderStatuses": [
    {
      "status": "RECEIVED",
      "date": {
        "$date": "2025-11-30T05:59:00.000Z"
      },
      "by": {
        "$oid": "68eca1c76c287efacde4d8d9"
      }
    },
    {
      "status": "READY_TO_PAY",
      "date": {
        "$date": "2025-12-01T10:07:00.449Z"
      },
      "by": {
        "$oid": "68eca1c76c287efacde4d8d9"
      }
    }
  ],
  "paymentStatuses": [
    {
      "status": "UNPAID",
      "date": {
        "$date": "2025-11-30T07:00:59.551Z"
      },
      "by": {
        "$oid": "68eca1c76c287efacde4d8d9"
      }
    }
  ],
  "createdAt": {
    "$date": "2025-11-30T07:00:59.555Z"
  },
  "updatedAt": {
    "$date": "2025-12-01T10:07:00.451Z"
  },
  "__v": 1,
  "addedToPOS": "ADDED",
  "comments": []
},
{
  "_id": {
    "$oid": "692d0d1889c295bbf9f2f818"
  },
  "orderNumber": "2833",
  "customerName": "Shaula mama",
  "orderSlipURL": "https://drive.google.com/uc?export=view&id=1FZAp4cCAqRar_cggAzsiuxXVPhBSbAjO",
  "amountToBePaid": 231,
  "orderStatuses": [
    {
      "status": "RECEIVED",
      "date": {
        "$date": "2025-12-01T03:34:03.623Z"
      },
      "by": {
        "$oid": "68eca1c76c287efacde4d8d9"
      }
    },
    {
      "status": "READY_TO_PAY",
      "date": {
        "$date": "2025-12-01T10:06:28.883Z"
      },
      "by": {
        "$oid": "68eca1c76c287efacde4d8d9"
      }
    }
  ],
  "paymentStatuses": [
    {
      "status": "UNPAID",
      "date": {
        "$date": "2025-12-01T03:35:52.346Z"
      },
      "by": {
        "$oid": "68eca1c76c287efacde4d8d9"
      }
    }
  ],
  "addedToPOS": "ADDED",
  "createdAt": {
    "$date": "2025-12-01T03:35:52.350Z"
  },
  "updatedAt": {
    "$date": "2025-12-01T10:06:28.884Z"
  },
  "__v": 1,
  "comments": []
},
{
  "_id": {
    "$oid": "692d23ed1e674b5119aa102e"
  },
  "orderNumber": "2834",
  "customerName": "Jonathan Adela",
  "orderSlipURL": "https://drive.google.com/uc?export=view&id=164Z9T6BexgO4ssNjX1skk8AC8oOw-rju",
  "amountToBePaid": 273,
  "orderStatuses": [
    {
      "status": "RECEIVED",
      "date": {
        "$date": "2025-12-01T03:34:03.623Z"
      },
      "by": {
        "$oid": "68eca1c76c287efacde4d8d9"
      }
    },
    {
      "status": "READY_TO_PAY",
      "date": {
        "$date": "2025-12-01T10:06:21.031Z"
      },
      "by": {
        "$oid": "68eca1c76c287efacde4d8d9"
      }
    }
  ],
  "paymentStatuses": [
    {
      "status": "UNPAID",
      "date": {
        "$date": "2025-12-01T05:13:17.743Z"
      },
      "by": {
        "$oid": "68eca1c76c287efacde4d8d9"
      }
    }
  ],
  "addedToPOS": "ADDED",
  "createdAt": {
    "$date": "2025-12-01T05:13:17.747Z"
  },
  "updatedAt": {
    "$date": "2025-12-01T10:06:21.032Z"
  },
  "__v": 1,
  "comments": []
},
{
  "_id": {
    "$oid": "692d3d718fb7bdca1fe0b1a5"
  },
  "orderNumber": "2835",
  "customerName": "Lorenzo",
  "orderSlipURL": "https://drive.google.com/uc?export=view&id=1nI-LFLzAnSQFIZQZSyhWHaO54MIO9TJm",
  "amountToBePaid": 120,
  "orderStatuses": [
    {
      "status": "RECEIVED",
      "date": {
        "$date": "2025-12-01T07:01:00.000Z"
      },
      "by": {
        "$oid": "68eca1c76c287efacde4d8d9"
      }
    },
    {
      "status": "READY_TO_PAY",
      "date": {
        "$date": "2025-12-01T10:05:26.971Z"
      },
      "by": {
        "$oid": "68eca1c76c287efacde4d8d9"
      }
    },
    {
      "status": "VERIFIED",
      "date": {
        "$date": "2025-12-01T10:06:46.459Z"
      },
      "by": {
        "$oid": "68eca2016c287efacde4d90b"
      }
    }
  ],
  "paymentStatuses": [
    {
      "status": "UNPAID",
      "date": {
        "$date": "2025-12-01T07:02:09.022Z"
      },
      "by": {
        "$oid": "68eca1c76c287efacde4d8d9"
      }
    },
    {
      "status": "PAID",
      "date": {
        "$date": "2025-12-01T10:06:46.459Z"
      },
      "by": {
        "$oid": "68eca2016c287efacde4d90b"
      }
    }
  ],
  "addedToPOS": "ADDED",
  "createdAt": {
    "$date": "2025-12-01T07:02:09.033Z"
  },
  "updatedAt": {
    "$date": "2025-12-01T10:06:46.461Z"
  },
  "__v": 2,
  "comments": []
},
{
  "_id": {
    "$oid": "692d4aca8ea47d5677a37963"
  },
  "orderNumber": "2836",
  "customerName": "Lorenzo II",
  "orderSlipURL": "https://drive.google.com/uc?export=view&id=1hN0iH94CRB-R_ilRnNg0T_H6bR2jIrkU",
  "amountToBePaid": 189,
  "orderStatuses": [
    {
      "status": "RECEIVED",
      "date": {
        "$date": "2025-12-01T07:57:00.000Z"
      },
      "by": {
        "$oid": "68eca1c76c287efacde4d8d9"
      }
    },
    {
      "status": "READY_TO_PAY",
      "date": {
        "$date": "2025-12-01T10:05:42.606Z"
      },
      "by": {
        "$oid": "68eca1c76c287efacde4d8d9"
      }
    },
    {
      "status": "VERIFIED",
      "date": {
        "$date": "2025-12-01T10:07:20.244Z"
      },
      "by": {
        "$oid": "68eca2016c287efacde4d90b"
      }
    }
  ],
  "paymentStatuses": [
    {
      "status": "UNPAID",
      "date": {
        "$date": "2025-12-01T07:59:06.825Z"
      },
      "by": {
        "$oid": "68eca1c76c287efacde4d8d9"
      }
    },
    {
      "status": "PAID",
      "date": {
        "$date": "2025-12-01T10:07:20.244Z"
      },
      "by": {
        "$oid": "68eca2016c287efacde4d90b"
      }
    }
  ],
  "addedToPOS": "ADDED",
  "createdAt": {
    "$date": "2025-12-01T07:59:06.828Z"
  },
  "updatedAt": {
    "$date": "2025-12-01T10:07:20.245Z"
  },
  "__v": 2,
  "comments": []
},
{
  "_id": {
    "$oid": "692d4c077e09269bddcc352f"
  },
  "orderNumber": "2837",
  "customerName": "Gina outsource",
  "orderSlipURL": "https://drive.google.com/uc?export=view&id=17i5tF5PkfLFBetteZYIjNDb4IAZQhflo",
  "amountToBePaid": 273,
  "orderStatuses": [
    {
      "status": "RECEIVED",
      "date": {
        "$date": "2025-12-01T08:02:00.000Z"
      },
      "by": {
        "$oid": "68eca1c76c287efacde4d8d9"
      }
    },
    {
      "status": "READY_TO_PAY",
      "date": {
        "$date": "2025-12-01T10:06:42.376Z"
      },
      "by": {
        "$oid": "68eca1c76c287efacde4d8d9"
      }
    }
  ],
  "paymentStatuses": [
    {
      "status": "UNPAID",
      "date": {
        "$date": "2025-12-01T08:04:23.119Z"
      },
      "by": {
        "$oid": "68eca1c76c287efacde4d8d9"
      }
    }
  ],
  "addedToPOS": "ADDED",
  "createdAt": {
    "$date": "2025-12-01T08:04:23.126Z"
  },
  "updatedAt": {
    "$date": "2025-12-01T10:06:42.377Z"
  },
  "__v": 1,
  "comments": []
},
{
  "_id": {
    "$oid": "692d66c09a512370129ab1ee"
  },
  "orderNumber": "2838",
  "customerName": "Ma'am Alice",
  "orderSlipURL": "https://drive.google.com/uc?export=view&id=1CrB-D-ccXE2oVD55Ogmp3p9e08w4iC_V",
  "amountToBePaid": 219,
  "orderStatuses": [
    {
      "status": "RECEIVED",
      "date": {
        "$date": "2025-12-01T09:57:00.000Z"
      },
      "by": {
        "$oid": "68eca1c76c287efacde4d8d9"
      }
    },
    {
      "status": "READY_TO_PAY",
      "date": {
        "$date": "2025-12-01T10:06:09.384Z"
      },
      "by": {
        "$oid": "68eca1c76c287efacde4d8d9"
      }
    }
  ],
  "paymentStatuses": [
    {
      "status": "UNPAID",
      "date": {
        "$date": "2025-12-01T09:58:24.227Z"
      },
      "by": {
        "$oid": "68eca1c76c287efacde4d8d9"
      }
    }
  ],
  "addedToPOS": "ADDED",
  "createdAt": {
    "$date": "2025-12-01T09:58:24.231Z"
  },
  "updatedAt": {
    "$date": "2025-12-01T10:06:09.385Z"
  },
  "__v": 1,
  "comments": []
},
{
  "_id": {
    "$oid": "695b78272ada95b2ae949926"
  },
  "orderNumber": "test",
  "customerName": "test",
  "orderSlipURL": "https://drive.google.com/uc?export=view&id=1qYMsrbHBCGmceGgfoQ3QZ2ucFSzkINLd",
  "amountToBePaid": 500,
  "orderStatuses": [
    {
      "status": "RECEIVED",
      "date": {
        "$date": "2026-01-05T08:32:35.497Z"
      },
      "by": {
        "$oid": "68e60c3b9b9a7e67081ceaed"
      }
    }
  ],
  "paymentStatuses": [
    {
      "status": "UNPAID",
      "date": {
        "$date": "2026-01-05T08:36:55.593Z"
      },
      "by": {
        "$oid": "68e60c3b9b9a7e67081ceaed"
      }
    }
  ],
  "addedToPOS": "UNADDED",
  "createdAt": {
    "$date": "2026-01-05T08:36:55.602Z"
  },
  "updatedAt": {
    "$date": "2026-01-05T08:36:55.602Z"
  },
  "__v": 0,
  "comments": []
}]